,0
0,반전도 있고 사랑도 있고 재밌네요.
1,주택청약 무주택 기준을 변경해주세요.
2,오마이갓져스 크론 이스트 팬
3,책에서 꺼낼게요!
4,큰 반전은 없었던 것 같은데...
5,금융감독원의 공모주 개인배분 축소(폐지)를 막아주세요.
6,지금은 매우 만족하고 있습니다.
7,대구광역시 휴교령을 내려주세요.
8,의료환경 개선과 경찰·소방관의 지원을 부탁드립니다.
9,이 정도 수준으로 극장에 보내는 것은 관객에 대한 모독이다.
10,나는 이게 제일 재미있었어.
11,각자의 업무와 부트캠프 이야기부터 앞으로 진로 이야기까지 했더니 1시간 넘게 수다를 떨었네요.
12,정말 너무너무 멋져요!!
13,감성을 자극한 좋은 영화
14,문재인 씨 제발 욕하지 마세요.
15,앞으로 일을 통해 다시 만날 수 있을까 싶었다.
16,암호화폐 거래소의 패지 반대
17,저도 클라이밍을 정말 배우고 싶은데 기회가 된다면 같이 해보는 것도 좋을 것 같아요.
18,왕갈비 최고였어요. 정자에 부는 시원한 바람도 일품이었습니다. 짱짱~
19,재밌으니까 좀 보세요.
20,벌써 입사한지 4개월 정도 지났네요.
21,민간어린이집과 가정어린이집에 운영비를 지원해 주시기 바랍니다.
22,여러분 마첨하세요~
23,나경원 비서관과 나경원
24,중국발 미세먼지 대책을 강구해 주세요.
25,우리는 같은 것을 목표로 하고 있었다
26,상어가 나오는 영화가 이렇게 지루할 수 있다는 것에 박수를 보낸다.
27,평화로운 곳이라면 최고
28,금요일에 더 이야기해요~!!
29,"[부탁] 이명박을 개별적으로 청원하지 않고 추천 인원 순으로 정렬하여 청원에 30,000명과 함께 참여하여 참여 인원을 늘립니다."
30,배터리 문제 때문입니까?
31,어린이날에 구입한 선인장이 왔어요.
32,결론은 완전히 넌센스다.
33,수시 전형이 꼭 필요합니다.
34,학생도 투표에 참여할 수 있어야 합니다.
35,고양이 자랑 많이 해주세요!
36,정말 재미있어요.^^!
37,꼭 특별점검을 해주세요.
38,선거운동 차량 소음 공해
39,나경원 평창올림픽위원회 해임
40,댓글에 속은...
41,왜 이렇게 어설픈 영화가 있지?
42,보시면 저희 회사랑 비슷한 부분이 많아서 공유드립니다.
43,교육에 관심을 가져주세요.
44,청와대 청원에 제대로 답하시오.
45,"허위사실 유포로 국민 불안감을 조성, 선동하는 행위에 대해 강경한 처벌을 바랍니다."
46,국민연금에 손대기 전에 사학 공무원 군인연금부터 개혁하고 국민연금을 만질 것을.
47,어른이 봐도 재밌었어.
48,"국회, 검찰, 국정원 등 특활비 내역 공개 및 특활비 제도 개선"
49,썩은 현실을 잘 반영한 수작!
50,동물보호법 강화를 희망합니다.
51,혹시 강의 일부에 참여하시면 리뷰 부탁드립니다.
52,고위 공직자의 재산 공개를 법으로 규제하자
53,꽃에 물을 줘야 해요!
54,그러고 보니 배우가 생기면 정말 좋은 직업을 가질 때도 있고 현실에서 열심히 하는 모습을 보면 별거 아닌 것 같기도 하고.
55,한국인은 호기심이 많습니다.
56,청년들이 살기 좋은 나라로 만들어 주세요.
57,흔한 줄거리 뻔한 반전에 어이가 없지만 영화가 끝난다. 헤헤^^
58,다들 이민 갑시다.
59,"아, 저도 알림 없이 끌려갔어요."
60,생각없이 채널을 바꿔서 여러번 보게 되었는데 최고에요!
61,횡단보도에서의 오토바이 사용을 금지하는 입법 조치
62,뭘 하자는 건지 알 수 없는 결말
63,네네 ENFP 정말 많네요.
64,기대했지만 기대 이하입니다.
65,스토리와 영상미의 완벽한 조화
66,정말 즐거웠습니다.~~~
67,국민연금의 중기 신고를 확인해 주세요.
68,충전지원비를 지원합니다!!
69,"와, 이 상큼한 기분.둘이서 같이 즐기면 사무실도 해방될것 같은 느낌ㅋㅋㅋㅋㅋㅋㅋㅋㅋㅋㅋㅋㅋㅋㅋㅋㅋㅋ"
70,두 사람이 이렇게 끌 수 있습니다!
71,"아, 허락을 받았는지 안 보이네요."
72,제발 그린벨트 해제는 그만두세요!!!
73,국회의원 급여를 최저시급으로 적용해주세요!!!
74,"아, 네, 금방 알 수 있어요."
75,중고등학생 교복자유화 교복자유화
76,"호호야, 어쨌든.티타임 자주 해요."
77,불면증이 있는 분들에게 추천.
78,무급근로재산 및 사용자의 형사책임 인정
79,"잘 짜여진 시나리오, 재미있는 이야기, 유려한 편집"
80,부탁드려요 한번만 읽어주세요.
81,정형식(鄭形植)
82,"오, 재미있네.ㅋㅋㅋㅋㅋㅋ"
83,김보름 박지성 국가대표 박탈
84,함께 할 수 있어서 정말 기쁩니다.앞으로 잘 부탁 드리겠습니다。
85,이명박 출국금지 청원합니다.
86,저희 같은 영업사원은 잠시 쉬도록 하세요.
87,난민 문제를 해결하고 해결하는 데 도움이 되는 몇 가지 좋은 아이디어를 제안하고 싶습니다.
88,런닝맨의 열렬한 팬입니다.
89,청소년보호법 폐지 교사 인권보호
90,저소득층 생활수급자 예금적금 민원
91,재밌네요 굿
92,"축구협회 선수, 감독 선발 과정의 투명화를 청원합니다."
93,저도 손 들어볼게요.
94,사회복무요원이 설 자리를 만들어 주세요.
95,법의 테두리 안에서 암호화폐! 규제도 금지도 필요 없어요!
96,알바 아닌데 이거 진짜...내가 대작 본 영화중에 최고로 들어가는 감동의 영화..
97,즐거운 시간 보내세요.재충전의 시간을 보내세요!
98,개인적으로 일식을 너무 좋아해서 코로나가 빨리 진정되고 일본에서 워크샵을 하는 날을 기대하고 있습니다.
99,왜 방송 안 했는지 알려주세요.
100,P2P업체 루프펀딩에 대한 철저한 지도감독으로 투자자 손실방지 건의
101,9.13 이전 분양권은 중도금 대출을 해주셔야 합니다.
102,성폭력 사건 친고죄 부활 성폭력 무고죄 강력처벌 청원합니다
103,끝까지 키득키득 웃으면서 볼 수 있는 영화.
104,국민 연금과 공무원 사학 등. 연금 개혁 지금부터라도 통폐합 및 개혁 시행합시다.
105,그래도 심심할 때 보면 좀 더 지루해질 수 있는 영화
106,배우들의 연기가 어색한 영화는 많이 보았지만 스토리까지 어색한 영화는 처음 봤다.
107,"고등학교 무상교육, 급식비 무상교육"
108,국회의원 월급을 무보수로 하고 싶어요.
109,살아있는 영화...
110,대한항공 세무조사 해주세요.
111,제주도 가정용 LPG톤 가스보일러
112,출산 장려를 위한 수당 통합 제란
113,요즘은 작년 포스팅인데 노래가 다 좋네.
114,소년법 폐지 청소년 보호법이 아니라 소년법 폐지입니다.
115,영웅물 중 최고 걸작이라 할 수 있다.
116,"아, 진짜 짜증나.정말로."
117,"우리 회사에서의 생활과 앞으로의 생활, 그리고 디자인 직무에 대한 이야기로 시간 가는 줄 모르고 즐겁게 이야기했습니다."
118,"어린이집, 유치원, 초등학교, 중학교, 고등학교에 각 학원에 2명의 경찰관을 의무화합니다."
119,마지막 장면에서 아빠의 그 눈빛(울음)
120,매력있는 영화...^^
121,배틀그라운드 게임 운영 및 관리에 관한 청원
122,서울시 관악구 그린벨트의 해제가 시급합니다.
123,사람의 욕망을 너무 미려하고 당연하게 감싼 영화.
124,정현식 판사의 파면을 요구합니다.
125,연금을 국민연금에 통합하자.
126,다음에 또 다른 재미있는 이야기로 만나요.
127,토지공개념에 반대합니다.
128,이명박 출국 금지 신청
129,지나치지 않고 자연스럽게 느껴지는 느낌.
130,대한민국 표준시를 30분 조정해주세요.
131,저건 등으로 느끼지 않고 그냥 봐도 아이스크림 같아요.
132,자유 대한민국을 지킵시다.
133,"청소년법 폐지, 청소년법 강화"
134,어제 플랫폼팀 미니워크숍을 마치고 <PERSON>과 함께 맛있는 조개탕을 먹었습니다.
135,아틀록스의 리메이크를 멈춰주세요.
136,출산정책은 누구를 위한 정책인가요?
137,"이재명, 은수미 혼내주세요."
138,이냐리투 영화는 믿고 봐도 후회는 없을 것 같아.
139,볼만해요.현실적이고.
140,"부산 부동산 거래, 제대로… 해결책을 제시해 주세요."
141,우리 보육교사들이 아이들을 잘 돌보고 교육할 수 있도록 법제도 개혁을 요청합니다!!
142,정형식 판사 파면 12만명 청원 주소.. 특검과 파면 신청합니다.
143,최근에는 영화처럼 거창하지는 않더라도 황신혜를 향한 안성기의 솔직한 연기에 배창호 감독의 공감을 엿볼 수 있다.
144,건설 노동자를 위한 새 집을 찾는 것은 어렵습니다.
145,빈 쓰레기 수거 피해지역 마트
146,처음에는 나름대로 좋았는데 아쉽네.
147,진저브리짓.. 형이 늙어보여서 깜짝놀라ㅋㅋㅋㅋㅋㅋㅋㅋㅋㅋㅋㅋㅋㅋㅋㅋㅋㅋㅋㅋㅋㅋㅋㅋㅋㅋㅋㅋㅋㅋㅋㅋㅋㅋㅋㅋㅋㅋㅋㅋㅋㅋㅋㅋㅋㅋㅋㅋㅋㅋㅋ
148,1인 1계정만 접속 및 댓글 실명제를 청원합니다.
149,커피 얘기를 좀 더 나눌걸 그랬네요.
150,재건축 초과이익은 불로소득이다.
151,(게시물에 약간의 변경이 있을 수 있습니다.)
152,좀 이상한 영화...
153,재미도 없고 감동도 없어..
154,아는 사람은 다 공감할 거예요.
155,더 있어요?
156,조두순 재심을 받고 출소일을 늦춰주세요. 제발
157,편이 너무 웃겨서 편본은 아니지만 굉장히 챙기는...
158,프랑스 영화치고는 정말 재밌어!!
159,장애 연금 간편 지급에 건
160,"오늘 이야기는 너무 즐거웠고, 또 이야기 나눌 날을 기대할게요~!"
161,이렇게 썼습니다.
162,어떤 점에서 감동을 줄 수 있나요?!
163,"통일은 선택 조건이 아니라 필수 조건이다, 찰떡궁합을 자랑하는 아하 커플과 배우들의 신이 내린 연기력."
164,청소년법 폐지시켜 주세요.
165,"잔잔한 감동으로 찾아온 영화,"
166,이 영화에 살아있는 이 이름은 무엇일까요?
167,이야기가 너무 즐거웠어요~!!
168,초보자는 목이 단단한 상태에서 민원을 하고 중학생은 자연스럽게 민원을 하고 고등학생은 눈으로 청원한다.
169,2018 평창올림픽 한반도기 공동입장의견을 철회해 주시기 바랍니다.
170,사무실에 오면 다시 이야기해요!
171,조두순 출처 반대입니다!!
172,웨슬리 스나이프스 농구 정말 잘한다~!
173,직접 만나서 이야기하는 것의 중요성을 느낄 것입니다. 그
174,"한번도 직접 만나뵙지 못했지만, 이런 기회에 이야기 할 수 있어서 좋았어요!"
175,그들의 이야기와 우리의 이야기
176,그럼 언제가 될지 모르는 미래로.
177,라인 하나하나가 예술 소름 돋는다.
178,신도시보다는 지하철 순화선 등 지하철 노선을 늘려주세요.
179,건강보험료 산정 기준이 2가지가 있을 수 있나요?
180,<PERSON>씨와 어제 회식을 했습니다.~~!
181,부동산 소유세 및 공동주택세 도입
182,초등학교 저학년 학교 수업 '오후 3사까지' 연장 추진 찬성 및 돌봄서비스 학년 확대 부탁드립니다.
183,국회의원 연봉 인상 반대
184,저희 팀장은 나이키나 아디푸스 광고모델~~ㅋㅋㅋㅋㅋㅋㅋㅋㅋㅋㅋㅋㅋㅋㅋㅋㅋㅋㅋㅋㅋㅋㅋㅋㅋㅋㅋㅋㅋㅋㅋㅋㅋㅋㅋㅋㅋㅋㅋㅋㅋㅋㅋㅋㅋㅋㅋㅋㅋㅋㅋㅋㅋㅋㅋㅋㅋㅋㅋ
185,주옥같은 명대사도 많은 좋은 영화.
186,어딘지 모르게 어설픈 영화
187,지루해서 보고 말았다....
188,왜 봤는지 후회되는 영화...
189,정말 감동적인 영화~
190,오랜만에 보고 잔 영화.
191,애견법을 강화해주세요!
192,기가 막혔기 짝이 없다
193,전문가는 이해하기 위해 뭔가를 알아야 합니다.
194,서로 차는 시간도 있대요!
195,평창동계올림픽 단일팀에 반대합니다.
196,위험경보...하하)
197,그냥 쓰레기 영화 너무 재미없어.
198,부동산 정책은 왜 항상 뒷전입니까?
199,비평조차 아깝습니다.
200,가상화폐 거래소 폐지 반대
201,단지 재미없다
202,네이버 평점이 이상하네요.;;
203,전기 요금 누진제 폐지
204,검찰과 법원이 두려워하는 것은 증거가 아니다.
205,국민연금 납부 의무화
206,배우들 연기도 어색하고 제목만 재밌네.(´;ω; ))
207,"IMF 이전의 공동보증배상부채; SGI서울보증, 신용보증기금, 여전히 제국주의적 채무관리: 특단의 조치가 필요하다."
208,혹시 지금 월요모닝커피 일정이 진행중인가요?!
209,삼성바이오로직스 상폐되어야 합니다.
210,성룡을 좋아하지만 평가가 감정적이지 않다
211,장자가 하고 싶은 말이 있지만 내용 자체가 공통 관심사이고 로봇을 해체하려는 자와 파괴하려는 자의 대화는 강압적 습작이다.
212,"스케일, 작품, 연기 모든 면에서 최고의 드라마"
213,개봉하기 전에 애니메이션 페스티벌에서 본 작품.
214,2017년 의무기록사 국가시험에 대해 할 말이 있습니다.
215,근데 엔딩이 좀...
216,나는 재미있었어.ㄷㅅ
217,왜 이 드라마가 방영되지 않았을까?
218,너무 재밌었어요.
219,영화 보고 욕하는 건 처음이다.
220,동물보호법을 강화해주세요.
221,미친 부동산 (서울 아파트)
222,"어머나, 두 분 다 정말 좋네요."
223,"아, 진짜 다음에는 재밌겠다.이번엔 재밌겠다 와."
224,검찰 개혁은 지금 당장 해야 합니다.
225,열심히 일하고 광교에 살면서 돈을 많이 벌겠다는 목표가 있다.
226,오 소개 감사합니다!
227,정말 오늘 날씨가 너무 좋네요!!!
228,"최근 영화는 너무 자극적이지만, 이는 온화하고 주인공의 심리를 잘 묘사하고 있습니다."
229,재미는 없지만 평점은 예의상 이정도
230,평점을 남길 제가 정말...
231,대구 동성로/서울시청 광장 퀴어행사(동성애축제) 개최에 반대합니다. 라는 제목의 청원을 삭제 요청합니다.
232,진짜 웃겼어.어이가 없어서.
233,보는 내내 짜증나는 영화
234,울컥하면서 보는 드라마입니다.
235,남북 철도 시대에는 지방 지하화를 위해 과도하게 운행하는 열차(선로 용량 부족)가 요구된다.
236,마크 색깔을 이용한 민방위복 꿈을 꾸고...
237,앞에 엔진 정말 재밌는데...코난 핵노잼
238,불체자 전수조사 및 추방(예멘인 포함)/
239,잠깐 나가서 산책하고 올게요!
240,와 턱걸이 하는 모습이 너무 멋져요!!!
241,배우들 연기도 장난 아니야~
242,노출은 약하고... 재미는 그냥... 차라리 코믹에로 버전으로 만들면 재밌었을 것 같아.
243,솔직히 이 영화가 이 시대에 DVD에도 나오지 않았다면 할 수 있는 건 다 했다.
244,가볍게 가서 다 사세요.
245,문재인 대통령에게 보내는 글
246,금요일에 휴가를 가지고 가려고 합니다! wwwwwwwwwwwwwwwwwwwwwf
247,하... 할 말이 없네...
248,강원랜드 외압수사 특검 실시해주세요~
249,정말 재미없고 지루한 영화.
250,네이버 평점에 속았다.
251,"우와, 축하드려요!!!"
252,지리산 국립공원 50주년 기념 영상으로
253,더 이상 법원을 신뢰하지 않으니 앞으로는 AI를 도입해주세요.
254,여러분 배려 정말 감사합니다!!
255,사유지 주차장에 외부 차량을 주차한 경우 견인을 허용하십시오.
256,소통을 위해 국민청원 방식 수정을 요청합니다.
257,슬리핑 차일드 제도를 시행해 주세요.
258,우와 너무 멋지네요!!
259,"장황하게 2시간이나 이야기했지만, 계속 너무 즐거웠어요! 흐흐흐흐"
260,이명박 출국 금지 구속 수사!!!!!!!!!!!!!!!!!!!!!!!!!!!!!!강력히 요청합니다.
261,사법부가 철저한 조사를 해 주세요.
262,부동산특별조치법의 조기 시행
263,공무원시험 가산점(전문자격증) 제도 정비
264,이론적으로는 이것을 무기한으로 먹으면 무한 다이어트(손실)가 됩니다. 참고로
265,주민소득지원 생활안정자금 융자지원
266,카셰어링 업체의 무료 편도를 제한해 주세요.
267,저희는 지금 random이 공지용 채널이네요.;;
268,이것도 영화라고..만든거야?
269,저널이 되면 공유도 해주세요!!!
270,정부도 실제 나이를 셀 수 없다고 국민에게 공표해 주세요.
271,기타노 다케시 감독의 최고의 영화!
272,작년 입사일에 온보딩에서 뵙고 처음 인사드렸는데 그때가 생각났어요.(웃음)
273,문재인 만혼자라니 기분나빠 kbs
274,지루하고 애매한 결말에 앞뒤가 맞지 않는 스토리....
275,주택 중기 보유세를 신설하라
276,● 이수역 폭행 피해자 코스프레 제대로 수사
277,(서울은 아직 만개한것 같아)
278,청소년 성희롱 가해자 처벌
279,집에 있었는데 둘 다 핸드폰으로...
280,천안함 정말 중요한 의혹 조사 청원
281,<PERSON>씨와 처음 이야기했습니다.
282,신용이 나쁜 사람과 결혼하고 싶어요.
283,Forskind는 가짜 다큐멘터리로 더 좋습니다.
284,파승들의 평점 조작
285,한 번도 웃지 못했어.
286,별 두개도 아쉽다....
287,하... 완전... 허무해...
288,가족관계증명서에 친부모에 대한 청원입니다.
289,당신의 달리는 방법은 무엇입니까?
290,다시봐도 디카프리오의 연기는 대단했다
291,기대하지 않고 볼 수 있어서 더 인상적이지 않았어요?
292,오랜만에 현실적인 사랑의 한편의 영화를 본 것 같아 기분이 좋습니다.(웃음)
293,가상화폐 규제에 반대합니다.
294,보는 내내 자다가 중간에 나와.
295,아직 끝나지 않았습니다.
296,손발이 민망해...
297,납세액에 비례하여 투표권을 차등 지급하는 입법 청원
298,군대 남성 징병제에서 양성평등 모병제로 전환
299,스토리가 너무 유치해.
300,시청률에 속았어요.
301,기대하지 않고 했는데 최고네요~!!!
302,앞으로도 이런 영화를 보는 것은 힘들 것 같아.
303,짧은 시간 미국에서 평범한 소년의 삶을 경험한 그는 인생은 연속선이 아니라 매 순간의 점이라는 말에 새삼 공감한다.
304,개인회생상환단축법! 서울사람만 국민이고 사람입니까?
305,아까 봤는데... 재밌네요.
306,국회의원의 국회 출석을 의무화합시다.
307,● 근로시간 단축 후 강력한 정부 규제 필요
308,엔딩이 재미없고 무엇보다 확률이 낮아 새로운 이야기가 나온다.
309,수능 이후 고3 학생들의 비효율적인 수업일수를 줄여주시기 바랍니다.
310,배우의 연기력이 돋보인다.
311,표현할 수 없는 재미
312,네이버 댓글 수사 부탁드립니다.
313,니콜라스 케이지도... 재밌게 봤어요.
314,내 마음을 쓰다듬어줘서 고마워...
315,척추와 경추가 더 이상 변명을 찾지 못하고 똑바로 자랐어요.
316,"사기꾼에게 유리한 사실상의 명예훼손, 모욕죄"
317,키아누 리브스는 정말 멋져요.
318,스토리는 조잡하지만 조문탁의 액션은 볼 만하다.
319,좀 더 많은 사람들이 봤으면 좋겠어요.
320,홍철아 힘내.
321,(지난번 사무실에서 만났을 때 어색하게 말할 정도였는데...)
322,그러나 형식적인 답이 아니라 완전한 비핵화다. 북한의 인권을 개혁하고 개방하겠다는 확고한 의지와 약속으로 대한민국에 와야 합니다.
323,나는 지루하지 않고 흥미진진했다
324,다음에는 꼭 참석하겠습니다.
325,관객에게 외면당한 영화
326,서비스업도 근무시간을 조절해주세요.
327,외국인 노동자의 삭감
328,첫 번째 국민소환제 홍준표 추천드립니다.
329,요즘 이런 영화 안나오는게 정말 아쉽다....
330,늦은 시간까지 제 고민을 들어주시고 비슷한 어려움을 어떻게 극복하셨는지 말씀해 주셔서 너무 값진 시간이었습니다.
331,부모가 동시에 일할 때 아이들을 돌볼 장소가 있으면 저출산이 해결됩니다.
332,노선영 선수에게 진실을 말할 기회를 주세요.
333,태양광 발전에 대하여
334,이야기 너무 즐거웠어요!!
335,주식시장 가짜뉴스 처벌
336,부천에서 발견한 보석! 오늘의 재관람.
337,청소년보호법 폐지 및 청소년 범죄처벌 강화
338,평점이 왜 이렇게 높은지 모르겠네.
339,"대통령님, 안녕히 주무세요."
340,저희 회사 텀블러가 너무 귀해요.
341,오늘도 좋은 하루 보내세요! 하우아유
342,정현식 판사의 파면을 청원합니다
343,가족과 즐거운 시간 보내세요.
344,"더 이상의 차별, 더 이상 참을 수 없어요."
345,여성 총기 소지 허가 법안을 제정했으면 합니다.
346,(반쪽 별 주기도 아까워)
347,이번에는 꿀잠! 자는 사람도 시간 있는 사람도 상현 / 어디서든 케이크 타임 어때요?
348,유치원 보조금의 부모는 즉시 그것을
349,강력범죄 처벌 강화해주세요.
350,미리 축하드려요!!! ㅋㅋㅋㅋㅋㅋ
351,버스전용차선으로 택시를 운행하게 해주세요.
352,그냥 너무 기억에 남는 영화.
353,다음에 또 만나요~!!
354,소재는 좋았고 유치한 장면도 간과할 만하다.
355,김영철 방한 반대 청원을 한 곳으로 몰아넣어야 합니다.
356,마치 무술 영화를 보는 것 같았어요!
357,볼거리만 화려할 뿐 이야기의 개연성은 전혀 개의치 않는 졸작.
358,":) ZOOM이나 GOOGLEMEET에서는 각각 마이크를 끄고 카메라를 켜고(수면), 오직 일에만 집중합니다."
359,심심해도 적당히 지루해야지...
360,"아, 쓰고 나서 자세히 보니 달나라 사람이네."
361,봤는데 정말 재미있었어요.
362,"쿨한 척, 우스꽝스러운 척, 온갖 형태를 취하지만 난잡한 과정과 불쾌한 캐릭터 때문에 전혀 몰입하지 못한다."
363,다음주에 또 만나요~~~ㅋㅋㅋㅋㅋㅋㅋㅋㅋㅋㅋㅋㅋㅋ
364,축하해 주셔서 감사합니다.
365,세나... 무슨 말이 필요한 걸까?
366,더빙판이라서 그런가봐.
367,정말 잔센스ㅋㅋㅋㅋㅋㅋㅋㅋㅋㅋㅋㅋㅋㅋㅋㅋ
368,ss시즌 가자!!!
369,나름 재밌었던 영화.
370,금융계의 고용 부패 관련
371,이야기를 하다가 서로 아는 mutual friends가 꽤 있다는 것을 알게 되고 세상이 참 좁다는 것을 다시 한 번 느꼈습니다.
372,이재명 은수미 정계은퇴
373,청소년보호법 폐지와 학생 자율화 폐지를 건의합니다.
374,문재인 정부는 북한이 먼저다. 입니까?
375,현구리코리안 맛집입니다.
376,형제자매의 모습이 너무 좋았어요.^^
377,정말 많은 애니메이션을 봤는데 역대 최고!!!
378,언제든지 연락주세요.
379,"마녀사냥은 그만둡시다.(위대한 김보름, 박지우 선수의 도전)"
380,환경직 공무원을 좀 더 채용해 주세요.
381,"문재인 대통령과 정부, 여당의 여론 악화 조직"
382,오늘도 본방사수~!!!
383,솔직히 이거... 뭐야
384,김수현을 정책수석에 올려야 하는 것 아닌가.
385,아홉 번째 <PERSON> 님과 만나봤습니다.
386,끝까지 왔어. 뭐... 라
387,지옥의 특수부대는 물론 보석도 모았다.
388,도중에 웃기고 눈물이 쏟아진 영화...
389,지하철 임산부 배려석을 없애주세요.
390,초반의 지루함과 답답함을 참고 집중한다면. 엄청난 것을 얻을 것이다.
391,이건 꼭 봐야 해요.
392,환경미화원 근무개선 및 급여인상
393,못 먹겠다면 심지 않도록 조심하고 싶네요. 하하하하하하하하하하하하하하하하하하하하하하하하하하하하하하하하하하하하하하하.
394,노동시간 단축에 대하여
395,<PERSON>님과 3월에 못했던 밥 무대를 진행했습니다!
396,점점 실망하는 대통령....
397,호기심이 왕성해서 다양한 취미생활을 하신다고 하는데요.
398,당시 최고의 영화였어요!
399,"납부하신 6,500만원 선불로 부탁드립니다."
400,비트코인을 규제해 주세요. 사회악입니다.
401,"""한국 장학 재단의 학자금 대출로 사회 출발점에서 채무자가 되는 젊은이들을 위한 구제 법안을 만들어 주세요."
402,평소 홍보에 관한 의문도 해소하고 운동에 대해 이야기하는 시간을 가졌습니다.
403,교통 신호등 자동 센서 작동 요청
404,"냉정한 현실, 냉소적이지 않은 시선"
405,앞으로도 잘 부탁합니다。정말 축하드립니다.
406,용산전자상가 세무조사 및 유통구조 담합 가능성
407,소년법 폐지해주세요!
408,빨리 자유롭게 해외여행을 하는 날이 왔으면 좋겠어요!
409,경기도민이지만 가끔 날을 정해서 서울에 갑니다.
410,운명.
411,되게 신기하네요.
412,고령운전자면허증 의무반납
413,개봉당시 봤더라면 재미있었을지도..?
414,시나리오를 쓰고 시나리오를 쓴 사람에게 미안하다.
415,완벽하게 흠잡을 데가 없다...훌륭한...
416,잠이 안 올 때 전화해도 돼요?!
417,누구나 자신의 마음에 관심을 갖고 들려오는 이야기와 깊이 있는 시선으로 그림을 그리면 랠프 같은 영감을 받을 것 같다.
418,저희 아들이랑 봤는데 너무 재밌어서 다시 보고 싶다고 하네요.
419,국방의 의무 어떤 이유로든 면제는 없어야 한다.
420,바닷속 외계인의 침공을 막기 위해 방벽을 치고 있는 것 같습니다.
421,제목도 그렇고 정말 짜증나는 영화였어.
422,세탁기 건조기도 전혀 줄지 않았어요! 죄송합니다
423,와 너무 좋아요!!!
424,<PERSON>과의 티타임
425,이명박 씨를 출국금지해 주세요.
426,● 대출규제 완화해주세요
427,아침부터 고생 많으셨습니다.하하)
428,그냥 웃음이 나와.
429,사이트에 로그인한 휴대폰을 구입하시면
430,스토리도 좋고 배우도 다 좋은데...(웃음)
431,정형식의 정신 감정을 요청합니다
432,이명박 전대통령 출국금지 청원합니다
433,웃기고 재미있게 봤어.
434,고래이식 라면 정말 맛있겠네요.
435,와 정말 영상굿 내용굿 정말 소중한 영화네요
436,공짜로 봤으면 만족했을 텐데 돈 내고 보면 정말 욕이 나온다.
437,범죄자가 됐어요 억울해요.도와주세요。
438,쇼미 머니 슈퍼비의 거절을 재검토해 주세요.
439,복권 당첨금에 과세는 서민을 차별하는 정책입니다.
440,이명박 출국금지를 희망합니다.
441,김어준 방송인의 편향적 진행
442,국민의 정신건강에 유의하세요.
443,일본 전쟁 범죄기
444,못다한 말을 할 수 있는 기회가 꼭 다시 왔으면 좋겠어요!
445,순위표 결과가 나오기 전에 우리는 항상 초시제 모드에 있습니다. 헤헤
446,유치원과 어린이집에서 영어수업을 금지하는 법률을 철회하고 유치원과 어린이집에서 영어교사를 보호하시기 바랍니다.
447,청소년소년법 폐지해주세요.
448,"대통령님, 꼭 도와주세요."
449,강서구 PC방 살인사건 가해자 형제 신상 공개 요청
450,정말 잘 만들어서 감동적인 영화입니다.
451,당신이 당신의 일에 필요한 지원에 대해 항상 제가 말할 수 있는 것은 매우 든든합니다.
452,정말 겨우 봤다는 말이 딱 ㅋㅋㅋㅋㅋㅋㅋㅋㅋㅋㅋㅋㅋㅋ
453,맥북과 레몬 물만 있으면 어디든 갈 수 있다.
454,보는 내내 눈살을 찌푸리게...
455,현 빙상연맹 관계자 적폐조사 철저
456,다양한 질문으로 상상의 날개와 함께 펼쳤습니다.
457,복권을 생방송으로 바꿔주세요.
458,부패하고 무능한 관료를 엄중히 처벌하는 법률을 만들어 주세요.
459,아무리 옛날 영화라고 해도 평점이 너무 높은 것 같은...
460,결국 절대악도 절대선도 없고 생존을 위한 서로의 투쟁만 있을 뿐이다.
461,스레드 댓글 보내주시면 정말 감사하겠습니다.
462,사실관계를 불문한 미투보도의 처벌을 부탁드립니다.
463,턱걸이 수를 늘리려고 저도 매일 하는 운동인데 공유할게요(웃음)
464,여성가족부를 폐지하자는 국민청원을 올립니다.
465,강아지 이름이 배우자 인곤 아니죠?!
466,저 벌레를 드디어 발견한 사람도 정말 대단하네요.
467,급등하는 집값에 국민의 울부짖다
468,좀 부끄럽지만 또 봐도 재밌는 드라마.
469,정말 재미있었던 영화.
470,울지 말고 형이 제대로 행동하게 해주세요.
471,하나 올려주시면 될 것 같아요.
472,코로나 때문에 크로스핏이 안되는 대신 요즘은 관악산 등산을 자주 한다면서요.
473,코미디는 웃기기보다는 인위적이고 지루하며 로맨스가 너무 뻔해 사랑스럽지 않고 등장인물들이 현실감 없이 과장돼 있다.
474,근데 캠샤할게요.
475,생리대 가격을 낮춰주세요.
476,너무 멋져요.7이 아니라 9입니다.
477,청년고용과 30~40개 일자리
478,청소년 보호법을 폐지해야 합니다.
479,암호화폐 거래 폐지에 반대합니다.
480,오랜만에 컷트!!!
481,우와 목소리가 너무 좋네요!
482,현대BS&C 정대선 사장이 만든 hdac(현대코인)
483,신용카드사 수수료 담합 조사요망 @@@@
484,유머가 풍부한 유대계 총각과 자녀를 둔 유부녀의 미국식 로맨틱 코미디를 프랑스식으로 잘 버무린 사랑이야기.
485,성폭력특별법 제정 또는 성폭력에 관한 형법 개정
486,회사에 제공하겠습니다.
487,"아, 이거 채널명 바꾸면 봇 수정해야 한다고 들었던 기억이 나요..."
488,"스필버그 팬이지만 ET를 너무 유치하게 본 사람으로서 ""ET와 함께 가장 감동적인 영화""라는 평가를 듣고 보고 싶어졌다."
489,추천 서비스 분야가 매우 재미있다는 추천에 감동했습니다.
490,다시 봐도 너무 좋네요.
491,문재인 대통령 지지자에게 묻습니다. 답장 부탁드립니다.
492,그래도 남북 단일팀은 추진하지 마세요.
493,문과 사조직팟 모집!
494,언젠가 관악산 정상에서 만나면 반갑게 인사해요!
495,제가 주로 보는 영역인데 혹시 관심있는 분이 계실까봐 가져왔습니다.
496,정말 좋은 것 같아요.
497,존경하는 문재인 대통령!! 응원합니다.
498,국민이 선출한 국회의원을 국민이 직접 퇴출시키십시오.
499,발표가 무사히 끝나기를 응원합니다!
500,히토시의 사무라이와 함께 구로사와 아키라 감독의 최고 명작
501,입사 후 느낀 점과 진행 중인 작업 등 서로 비슷해 보이는 다양한 이야기를 나눌 수 있어서 좋았습니다!
502,"교촌치킨, 업주 집단폭행 사건 양쪽 다?"
503,근데 감동받았어요.
504,그들은 나에게 사이코패스처럼 보인다.
505,그래도 재미있게 본 영화
506,피해자가 아닌 가해자를 위한 소년법을 폐지해주세요.
507,아무것도 기대하지 마세요.
508,시간외 근무 수당의 부정
509,진지하게 생각을 바꿔야 하나...'
510,이런 거 보면서 즐기는 사람들은 무슨 생각을 할까.
511,역시 시갈씨의 액션은 최고!
512,가상화폐 폐지에 반대합니다.
513,나는 여주인공이 예쁜 것 말고는 안 좋아해.
514,이거 초등학생 때 가족들이랑 극장에 가봤어. OOO기 영화
515,"그냥 쓰레기 영화, 그 이상도 이하도 아닌..."
516,중앙방수업체의 고의임금체불
517,"초등학생 1, 2학년 방과 후 영어교육을 법적으로 완전히 허용해 주시기 바랍니다."
518,재미있는 영화였다
519,20만 명이 넘어야 대통령에게 답변을 들을 수 있어요.
520,주차장에서의 조감도는 정말 멋진 쇼였어요.
521,아침 6시부터 미세먼지가 심해서 답답해요.
522,5시간 뒤부터 생방송!
523,재밌고 감동도 있고 이런 종류의 영화를 별로 좋아하지 않았지만 조금 달라졌다.
524,한국 영화의 한 획을 긋는 영화다.
525,국민연금 대출 상환을 위해 제 돈을 돌려주세요.
526,소년법을 개정해 주세요!
527,공포영화 공식을 따를까 두렵지 않다는 것.
528,기가 막혀서 말이 나오지 않는다
529,정부 관계자 및 고위 관계자
530,"최고의 영화야, 진짜."
531,역시 멋진 예술 작품은 많은 사람에게 감동을 줍니다.
532,오랜만에 유쾌하게 본 드라마 너무 재밌어요.~~~^^
533,매우 초안인데 보시고 추가하시면 좋은 내용이나 의견 있으시면 편하게 부탁드립니다.
534,부탁합니다!! 소년법 폐지!! 사형제도를 부활시켜 주세요!!
535,"아, 꽃도 당신도 예쁘고... 예쁘네요!!"
536,시작하는 부분은 좋았는데...
537,신혼부부 특별공급 소득제한 없애주세요
538,정말 나름 재밌었다.
539,이야기를 나누며 홍콩과 대만에 대한 추억도 나눴다.
540,"음... 영화라기보다는 다큐멘터리라는 걸... 알려드려, 저..."
541,이거 나왔을 때 진짜 웃겼어.
542,제가 좋아하는 노래입니다.(웃음)
543,사족보행자라 사무실도 가고 상현역 일대도 가봤는데 처음이라 놀랐다.
544,전사 워크숍에 가시나요? ㅋㅋㅋㅋ
545,"에릭 로버츠 빼고 출연배우들 대부분이 너무 어색한 연기... 내용 전개, 설정, 아동용 느낌의 CG... 역시 포스터만 그럴듯하고 정말 황당하고 조잡한 공포물...빵점"
546,내 인생 최고의 애니메이션
547,"스토리, 연기력, 흥미도, 몰입도,"
548,전안법의 개정 및 폐지를 요청합니다.
549,"공무원연금, 국민연금, 차별 없는 세상을 만드세요."
550,"징벌적 손해배상법 10회 ~ 무한청원 (미국 징벌적 손해배상법) 200,000 가짜~!"
551,어떻게 이렇게 만들었을까?
552,청소년 보호법 폐지 청원
553,너무 아쉽고 화도 나네요.
554,축하해요!。 후후
555,매일 느와르 만화로 지루한 공포영화를 만들고...
556,다들 영어 이름 지어서 님 빼자.
557,이 형태가 나올 때까지의 의견을 간략히 정리하면 다음과 같습니다.
558,"전복새우장 정식, 전복해물볶음밥 등"
559,소액주주 1000명 이상 기업 상장을 의무화하다
560,유쾌하고 재미있는 영화~ 순수한...사랑~
561,생각보다 재밌었어요.
562,서민경제가 죽을 지경입니다.
563,한반도기에 독도가 없으면 한반도기를 사용하지 마세요.
564,하루에 30분씩도 효과가 있다고 들었는데 사실인지 시도해볼게요~
565,아무튼 꼭 봐주세요. (웃음)
566,실화라고 하니까 더 감동적이었어요.
567,나라가 행복해질까?
568,공정성 문제로 인한 병역특례 폐지 요청
569,중구난방 스토리에 설정은 가끔 무시한다.
570,고 박철수 감독의 명복을 빌며......
571,9월 평양 공동선언에 대해 국민 공청회를 열어주세요.
572,한여름 이맘때 듣기 딱 좋은 곡이에요.
573,이렇게 매주 다양한 분들을 만나 이야기를 나눌 수 있었던 경험은 새롭고 즐거운 경험이었습니다!
574,훠궈 너무 부럽네요!
575,법 앞에 만인이 평등한 사회를 만들어 주세요.
576,검찰·법원 산하 처우 개선
577,유치원 통학 차량 사고 예방
578,"제품의 특성일 수도 있지만, 대부분 개의 먹이를 먹는 것과 같습니다."
579,너무 많은 걸 넣으려고 했던 것 같아.
580,저는 소셜 미디어에서의 성폭력의 피해자입니다.
581,수능 연기 취소 부탁드립니다.
582,진정한 행복이 무엇인지 깨닫게 해주는 영화
583,휴대폰 할부를 무이자 할부로 전환해주세요.
584,주식시장은 개선이 필요합니다.
585,강릉 사천 바닷가에 재미있는 카페가 생겼거든요.
586,내가 본 영화 중에 최고야.
587,가슴이 따뜻해지는 영화 :)
588,아무리 영화를 좋아하든 싫어하든.. 이걸 보면 명작...
589,CRPS 환자의 장애 판정 기준을 정정하십시오.
590,"가벼운 날씨 이야기를 하면서 건강과 운동에 관해서 이야기하고, 요즘 집중하고 있는 업무 관련 설명도 듣다 보니 30분이 눈 깜짝할 사이였네요."
591,절대 극장에 가지 마세요.
592,캐스팅만 잘하는 영화.
593,화면도 너무 예쁘네요.
594,여성가족부를 폐지해주세요.
595,연속적인 화상 회의는 스트레스를 증가시키고 집중력을 저하시킨다고 알려져 있습니다.
596,"처음 본 영화고, 지금까지 최고의 영화!"
597,이명박 출국 금지에 대한 철저한 조사
598,학교 교사의 권위를 세워주세요.
599,나머지 범죄를 모자이크하지 마라
600,가상화폐 폐지 반대입니다.
601,관객으로서 개인적으로 볼 가치가 있는 영화라고 생각합니다.
602,아드님 볼이 너무 귀여워요.
603,● 대학가 기숙사 건립과 월세 제한
604,말할 필요도 없는 최고의 만화
605,제작비가 아깝다.가나.
606,"이야기는 구조화되어 있지 않고, 긴장하지 않으며, 우호적이지도 적도 아니며, 액션으로 가득 차지도 않습니다."
607,"김보름, 박지우 선수 자격 박탈은 하지 마세요."
608,공유 감사합니다!!
609,적폐청산을 위해 사법부 해체
610,소재는 좋았지만 극 전개가 지루하고 느리다.
611,꼭 기름에 튀겨주세요.
612,일단 구글 미트로 들어가세요...!
613,이명박 출국금지 요청합니다.
614,제발 그만해.......................................................................................................................
615,"나는 그것을 ""현금""이라고 불렀다."
616,주인공이 너무 멋있다.
617,배우들은 좋은데 스토리가 쓰레기다.
618,주인공도 그렇고 색감도 그렇고 영화가 예쁘다고 생각했어요 (웃음)
619,본 영화 중에 가장 화가 난 영화.
620,스포일러가 될까봐 더 이상 말하지 않겠습니다.
621,꽤 재미있었어요.
622,비에도 바람에도 지지 않는 사람이 되고 싶다.
623,정말 재밌고 나중에는 슬프고 정말 재밌어.
624,와... 정말... 말이 필요 없네.
625,<PERSON>씨와 디너파티를 했습니다!
626,오늘은 대회로 바쁘지 않아서 올릴게요.
627,삐요 씨 노래 너무 좋아요.^^
628,듣고 있는데 너무 기뻐요.
629,부러울 정도로 유쾌한 영화
630,운동을 규칙적으로 하되 건강을 챙긴다.
631,영화 엔딩 후 마음이 아련해지네요.
632,"자, 여러분, 불금이 되십시오."
633,친구보다는 가족과 함께 보기 정말 좋은 영화였어요.
634,전쟁의 참혹함을 일깨워주는 영화라 점에서도 부족하다고 생각한다.
635,이 영화를 극장에서 개봉했을 때 운이 좋았는지...
636,사형제도를 다시 실시해 주세요.
637,면접 이후 처음으로 일대일 대화를 나누는 것 같아 감회가 새롭습니다.(웃음)
638,이야기의 개연성은 둘째치고 공포. 고어. 슬래셔 무비의 장르를 좋아하는 사람이 봐도 다소 지루하다.
639,국회 해산 - 조기 총선 / 국회의원 불구속 특권 폐지 / 세비 반납
640,우리 회사 티셔츠 기념샷 고고?
641,"경북, 세 번째 거짓말"
642,"10,000보 다 채우려고 하는데 괜찮으세요?"
643,우리집 고양이도 www.
644,양육비 지급을 법적으로 의무화하세요.
645,오랜만에 설레면서 본 영화!!
646,현재의 경제 상황과 경제 비전에 대해 대통령에게 직접 브리핑을 요청합니다.
647,행운의 편지...? 하하하.
648,말이 필요 없어.
649,이 영화는 정말 말이 필요 없다
650,내가 샀을 때 나온 영화인데 지금 봐도 손색없어.
651,국민의 인내는 임계점을 넘었습니다.
652,여대를 남녀공학으로 전환 또는 폐지 청원합니다.
653,우리 모두 파이팅!!
654,금요일만 올릴게요.
655,암호화폐 관련주에 투자한 사람입니다.
656,성별 관계가 없는 국가의 의무를 요청합니다.
657,가정폭력 가해자에 대한 강력한 처벌을 요구합니다.
658,도입부도 신선해 배우들의 연기 세트 분장 모두 훌륭하다.
659,매일 보는 CE팀의 <PERSON>씨와 이야기를 나누었습니다~!
660,국민연금 개편안에 대한 반대 의견
661,개인적으로 내용도 그렇고 좀 달랐어요.돈 주고 보기 아까웠을 정도로
662,일손 필요하시면 불러주세요! ㅋㅋㅋㅋ
663,스토리는 없고 죽어 가는 영화.
664,타 도시교육공무원 경력인정
665,당신은 훌륭한 곳에서 배우고 성장하고 있습니다.
666,간호조무사 자격 등록 기간을 연장해 주세요.
667,최고의 토나자 액션!!
668,전에 봤는데 정말 너무 좋은 영화...
669,이명박 출국금지하지 않으면 도망갑니다.
670,처음에는 몰랐는데...시간이 지날수록 슬픔이 쌓였어요.
671,음주운전 처벌법 강화 부탁드립니다.
672,청원 게시판을 없애주세요.
673,회사 근처에 아쿠아플라넷도 생겼어요!!
674,보행자 도로(보도)의 무법 오토바이
675,대한민국 육군 이제 신병으로 전환!!!!!!!!!!!!!!!
676,여기에 나오는 메트릭은 종종 뉴스와 같아서 어떤 종류의 메트릭인지 항상 궁금했어요.
677,와… 사진이 너무 놀라워요.
678,이렇게 발표하려면 진짜 해봐야지.
679,이런 카메라 기법이 너무 싫다.
680,쉽다고 생각하지 마세요. 물어보자.
681,어제 <PERSON>씨 <PERSON>씨와 함께 점심을 먹었습니다.
682,이걸로 태울게.
683,사실 저희 얼굴은 안 찍었어요.
684,'제주' 얘기로 여러 가지 얘기를 했어요.
685,영화 자체에 별을 주고 싶었지만 레오 때문에 포기했다.
686,단말기 완전 자급제 도입
687,먹느라 바빠서 사진을 너무 많이 찍었어요.
688,마지막에 울 뻔했어.
689,이건 소책자에 나와있어서 고화질로 부탁드려요.
690,정현식 판사에게 이 판결과 그간의 판결에 대한 특별감사를 청원합니다.
691,할 말은 해야지.
692,국회의원 세비 인상 철회하고 국민에게 사과하세요(무노동 무임금 원칙)
693,"아, 신사역의 신분당 분위기가 궁금합니다."
694,당신이 제시간에 그것을 하지 않으면 당신도 생각나게 할 것입니다.
695,대학 학자금 대출에 대해서
696,여기에 넣을 수 있다면?!
697,사람이 밥 먹는 건 그렇게 재미없어.
698,음주운전 처벌을 강화해주세요!
699,[제안] 5월 어린이날 어버이날...
700,"어, 저도 뿌요뿌요 테트리스를 켜주세요."
701,"와, 저한테는 거의 새로운 얼굴처럼..."
702,Star --dots 영화를 본 적이 있습니까?
703,다음에 강남 오피스에 가게 되면 꼭 화요일에 만나요. ㅋㅋㅋㅋㅋㅋ
704,커뮤니케이션 스터디 지원
705,김영철 방한 결사 반대입니다.
706,전반적으로 허술하고 조잡하다
707,그때부터 일정 기간 기대할 수 있습니다.
708,책을 읽어봤는데 별로 재미가 없어서 자버렸어.
709,밥먹으면서 우리 얘기만 재밌게 한 것 같은데..(여러분 괜찮으셨죠...)????^^;;)
710,김보름 박지성 국가대표 자격 없어
711,여기가 어디입니까?
712,정말 재밌었어요.
713,아침에 보기 좋은 영화
714,너무 심심해서 힘들었어.
715,"이글 브라더스는 몇 시, 몇 시에 나옵니까?"
716,크림하우스 처벌 부탁드립니다.
717,문재인 대통령에게 묻고 싶습니다.
718,유선으로 하니까 봤는데 진짜 재미없어.
719,실제로 있을 법한 내용이라 더 재밌는 것 같아요.
720,너무 재밌었어요.
721,킬링타임용 영화에도 정도라는 게 있다.
722,어렸을때 정말 무서웠던 영화~~
723,"리암리슨, 샬리즈의 셀론 최고!!!"
724,SF적으로 바뀌어서 실망...
725,외상센터에 지원하세요.
726,극장 동아리에 몇 명 있다는 소문이!!
727,오늘부터 하루만 포함됩니다.고고!!
728,정말 슬픕니다.
729,진부하고 진부한 대사와 코미디
730,참고로 제주도에서는 고구마를 '감자'라고 하고 감자를 '지슬'이라고 합니다.;;
731,추첨제 돌봄교실 현 정부의 육아정책과 맞는 것일까요.
732,부패와 부패의 낙원
733,TV조선 2030의 길을 묻다가 한국의 희망을 보았습니다.
734,북한의 위협을 해소할 길이 있다.
735,대한민국의 성장을 위해 하루빨리 공교육을 정상화하세요!
736,평점이 왜 이렇게 낮아??
737,청와대 경호원은 태영호를 적극 지켜라!
738,"오, 제가 아는 무료 앱 중에 아주 좋은 게 있어요.(웃음)"
739,재미있습니다。연기 제대로.
740,지금 현대서울 팝업스토어에서 만나보실 수 있습니다!!
741,"평창올림픽 남북 단일팀 반대, 한반도기 사용 반대입니다."
742,OCR 강의 감사합니다. 하하하하하하하하하하하하하하하하하하하하하하하하하하하하하하하하하하하하하하하.
743,"열악한 태양광 발전, 누구를 위한 것인가?"
744,남녀평등정치의 의미를 명확히 해주세요.
745,다 먹고 카페에 가서 이런저런 얘기를 했는데 너무 재밌었어요.
746,국회의원 불법 해외관광 전면 수사 촉구
747,제주도에서 행운을 빌어요.
748,재미도 없고 내용도 없고
749,당신을 보면 화가 나요.
750,조두순 출처 반대입니다.
751,답답해서 잠시 쉬는 영화. 잊고 싶은 영화.
752,노숙자들이 모여 현실에 맞춰 '내 집 마련 지역주택조합(대구 수성범어W)'의 부동산 가격을 결정한다.
753,잠실야구장 가면 홈팀 유니폼 선물해주세요.
754,올릴 때 순서대로 올려주세요!
755,남북문제보다 국내 제조업 경제를 활성화시켜 주세요.
756,생명부터 조심하세요. 우리 아이들... 어떻게 할까요?
757,아... 너무 짜증나.
758,여러분 스윙댄스 아세요?
759,불법 주차로 인한 피해를 줄여야 합니다.
760,이명박 출금 금지 및 구속 수사 청원합니다.
761,평점에 속았다... 완전 쓰레기 ㅋㅋㅋㅋㅋㅋㅋㅋㅋㅋㅋㅋㅋ
762,어쩔 수 없는 에로 영화
763,잔잔하고 여운이 남는 영화
764,지금까지 본 드라마 중에서 중독성이 가장 강했던 드라마.
765,모든 범죄자의 얼굴과 신원을 공개해 주세요!!
766,소재는 좋았지만 잘 살리지 못했다
767,아파트 단지 내의 흡연
768,반전영화임에도 불구하고 상업영화로서의 정체성을 잃지 않았다.
769,박수진 삼성병원 특혜비리 조사
770,건물의 초기 진압을 위한 솔루션 제안
771,여성과 평등하게 국가 정책을 펴세요.
772,모든 면에서 완벽한 군용 엔드 플레이트
773,행정기관에 알려주세요.
774,완벽하게 득점하기는 처음이다.
775,모로코와 포르투갈에 대한 재판을 처벌해주세요.
776,생각해보니 팔 근육량이 0%가 되면 멍이 들 것 같아요!
777,"선거운동, 음악이 너무 시끄러워요."
778,손에 땀 한 방울 쥐지 않는 긴장감 제로의 스릴러물.
779,국가장학금 소득분위 책정 기준을 납득시키세요.
780,또 보면 눈물이 난다
781,주인이 처음 써봤어.
782,노잼 오브 노잼 절대 보면 안 돼.
783,정말 감동적인 드라마~!!
784,인간의 본질에 대해 다시 한번 생각하게 한다!
785,김보름 선수의 제명 및 빙산연맹 해체를 요구합니다.
786,영어 유치원은 올바른 표기가 아닙니다.
787,지진 피해를 사용하고 있습니까?
788,이온주원을 공부하자.
789,우리 회사 사람들 건강 조심하면서 일하시고 주말 잘 보내세요!
790,여러분 환영 부탁드립니다.
791,배우들의 노력이 아까운 영화
792,예측이 더 재미있어요.
793,재미있고 볼만한 추천
794,그래도 되게 재밌었어요.
795,"전 국민이 긴급차량(소방차, 구급차 등)의 길을 정확히 피하는 방법을 알 수 있도록 적극적인 교육과 홍보 부탁드립니다."
796,돌봄서비스 소득에 관계없이 신청해 주시기 바랍니다.
797,크림하우스 환불조치 청원
798,가볍게 듣기에 딱이네요.
799,나는 전문 군인의 거주지에 반대합니다.
800,하품이 나오는 영화
801,"친애하는 문재인 대통령님, 이 기사를 보시고 이 생명보험회사가 대한민국에서 영원히 사라질 수 있도록 도와주세요."
802,"아이코(愛子), 제 이야기를 즐겁게 들어주셔서 감사합니다."
803,시청률% 드라마답게 스토리가 보여~~
804,구입에 고민하고 스릴을 즐기는 여주의 로맨스와 분출
805,솔직히 무엇을 보았는지 모르겠다
806,구하는 것은 킬리안 머피의 연기뿐.
807,소년법 폐지해주세요.
808,신혼희망타운의 월 소득 기준을 더욱 확대해주세요.
809,동물보호법을 강화해주세요.
810,이처럼 어렵고 힘든 상황에 놓인 사람들의 글을 묻으려는 더러운 악마들의 글을 조사하고 약자를 위한 세상이 정의를 보여줄 것을 걱정하는 분들께 정중히 부탁드립니다.
811,두번째 사진이 흑돼지입니다.
812,아파트 인근 레미콘 공장 설립 관련
813,언어를 초월한 매우 따뜻하고 좋은 영화였습니다.
814,우연히 보고 눈을 뗄 수가 없었어. 뛰어난 방은진의 연기....
815,너무 좋은 시간이었어요.
816,최저시급에 관한 민원을 제보하려고 합니다.
817,점수를 매길 수 없나요?
818,배우 출연료가 아깝다.
819,국민의 이름으로 국회 해산시키죠.
820,너무 부끄러워서 개인적으로 재미가 없었어.
821,태풍에 대비하여 전국적으로 휴교령을 내려주세요!
822,태권도나 연예단 대신 이산가족 상봉을 요청해야 한다.
823,오 여기 너무 맛있을 것 같아요~
824,보편적 복지를 실현하세요.
825,북한의 정대세 TV 출연을 막아주세요.
826,다음에 싱가포르 음식 먹으러 가요~! ㅋㅋㅋㅋㅋㅋ
827,수능 연기에 반대합니다.
828,재밌게 봤어요.그래도 기쁘네요.
829,세대원 수를 고려한 주택 소유세/전기세 등 공과금 정책을 마련하십시오.
830,과도한 근육 운동과 기억에 남는 것이 있다면 빵 대신 완도 전복입니다. ^^
831,그중에서도 썬더볼트가 가장 기억에 남아요.
832,정도의 결과를 얻었습니다!
833,당신의 중요한 주말 임무에 행운을 빌어요!!
834,로또복권의 진실을 밝혀주세요.
835,태진침대 회수 누락 건 해결 부탁드려요.
836,"대통령님, 자국민을 위한 정치를 해 주세요."
837,크림하우스 매트에 관한 청원을 합니다.
838,"지진 등 재해 발생 시 취약계층(장애인, 임산부, 노약자, 어린이 등)의 대피 방법과 재해 발생 시 지원 방법 등을 구체적으로 마련할 필요가 있다."
839,"와, 진짜 그냥 위에 올려놨구나."
840,이국종 교수님의 의견을 적극 반영해주세요.
841,내 인생 최악의 영화로 기억될 것 같아.
842,어린이집 보육교사 휴식시간
843,머리가 예쁘다고 해주셔서 너무 기뻤어요(웃음)
844,차라리 이런 정치인이 나을지도 모른다.
845,근데 이상하게 재밌네...(웃음)
846,문화체육관광부 체육진흥투표권 침해 및 사보타주 실태조사 청원
847,"나는 델파이 같지 않다고 생각해, 그녀는 왜 그렇게 이해하기 쉬운 걸까."
848,마스터클래스는 AI 업계에서 활발하게 활동하는 마스터와 학생들이 직접 만나 이야기를 나누는 자리입니다.
849,국회의원 영수증의 모든 이중 처리자에 대한 사법 처리 요청
850,청소년보호법을 폐지해주세요!!!
851,한번 확인 부탁드립니다.
852,넓은 턱걸이 30실화? ㅋㅋㅋㅋㅋㅋ
853,<사람> ! 새로운 추가사항에 대한 이메일 주소를 확인하세요.
854,저는 잘 될 것입니다.(웃음)
855,손흥민 선수의 군복무 관련 병역법 개정을 청원합니다.
856,집에 돌아오면 밖을 볼 겨를이 줄어서...
857,"● 주택, 연금, 저출산 문제 해결방안 의견"
858,이야아아아아아아아아아아아아아아아아아아아악아아아아아아아아아아아아아아아아아아아아아아아아아아아악
859,임창정도 재미있었는데 옆에 있는 아저씨가 더 재미있었어.
860,요구르트에 유산균만 넣으면...?
861,월요일에 보시고 댓글 달아주세요.
862,대단한 영화!!!
863,교복/생활복을 없애주세요.
864,평점 왜그래......
865,평소에 갖고 싶었던 아이크림을 사용했습니다.
866,어린이집 통학버스 사고 예방의 가장 쉬운 방법과 CCTV
867,스토리가 엉망...
868,가족의 사랑을 느낄 수 있습니다.
869,오늘은 주차요금을 청구합니다!
870,워머드 사이트를 폐쇄하십시오.
871,매일 풀업 할 수 있는 좋은 기회가 주어졌어요.
872,영화를 보는 내내 안타까움만..
873,이명박 전직 대통령의 출국금지 청원
874,정부는 개발도상국과 저개발자에 대한 관광비자 등을 폐지하고 외국인을 위한 전자정부 홈페이지도 폐쇄해야 한다.
875,너무나 허망한 전개
876,나의 미래를 생각하게 해주는 영화~~
877,대통령 비서실 무능
878,생각이 없어져서 기쁘고 힘들 수밖에 없는 운동이라 오히려 끝낸 후에는 보람이 커서 좋아요!
879,"이봐요, 당신이 이걸 하고 있는 게 좋겠어요."
880,청소년법은 페이지되어야 한다고 생각합니다.
881,어이없는 내용 왜 만들었어?
882,와... 진짜 최고의 드라마다.
883,전기요금 누진세…
884,RT에 초대?
885,지루하고 묘한 분위기 말고는 아무것도 없다
886,우연히 봤는데 정말 감동적이었어. 최고의 명작이다!
887,제이슨 스타뎀의 액션을 기대한다면 매우 실망할 것이다.
888,김기식 금융감독원장을 사임하지 마세요.
889,강서PC방 살인범 형제의 행위 판단
890,다른 모든 추천을 싫어하다
891,후반부가 조금 이상했지만 재미있었습니다.(웃음)
892,요즘 왜 이렇게 사진을 잘 찍는지 모르겠어.
893,가짜뉴스로 국민을 속이고 내홍을 일으키는 자를 제한하고 최대한 강력하게 단속할 수 있도록 유튜브와 함께해주시기 바랍니다.
894,다자녀 아파트 공급면적(수도권 85권/지방권 100권 한도)
895,나이가 어려서 그런지 재미가 없었어요.
896,좋은 글 공유 감사합니다!
897,모든 시민이 사업추진비를 한눈에 알 수 있도록 사이트를 만들어주세요.
898,후반부로 갈수록 힘이 빠지는 영화.
899,가상화폐 규제에 관한 의견
900,액션이 별로 없어요.
901,청소년 보호법을 폐지해야 합니다.
902,이따 뵙겠습니다
903,국내 자동차 대리점 직원의 최저 시급을 보장해주세요.
904,그래도 이뤘으면 더 좋았을텐데...
905,"청렴강화, 시설공동이용, 여성가족부 폐지"
906,(웃음) 커스텀 쉐이더 같은 거 적용하면 끝!
907,얼마 전 팀원 전원이 처음으로 모여서 기념사진을 찍었어요.
908,광주 집단폭행 사건에 대하여
909,바다를 배경으로 다양한 이야기를 나누며 걷고 걷고.
910,쓸쓸하고 썰렁하다. 그리고 아름답다
911,청소년법 폐기 법안 개정 청원합니다.
912,동성애 퀴어 축제 반대
913,"우리 회사에 합류한 이야기, 놀라운 취미, 인생 이야기 등 매우 소중한 시간이었습니다."
914,부정 사립 유치원에 대한 세무조사를 부탁드립니다.
915,장하성 김동연의 투톱 경질을 강력히 바랍니다.
916,잊고 있었는데 지금 생각하면...
917,정말로 이 영화를 본 사람들은 피해자다
918,영화소녀괴담 잘 봤습니다.
919,사용자의 위치를 입력하면 모두에게 가까운 곳을 찾아주는 웹앱입니다!
920,여성의 외로움과 고통을 따뜻하게 위로하는 영화.
921,마지막 결말이 아쉬웠지만...
922,정말 재미있고 감동적인 영화였어요.^^~ 강추!
923,약간 뉴욕기분ㅋㅋ너무 기쁘고 맛있었어요!!
924,합법 시위로 인한 소음 공해에 대한 아무 상관이 없는 아파트 입주민이 왜 피해를 봐야 하나요?
925,이런 영화는 또 안나오려나?
926,배우들의 코믹 연기가 잊혀지지 않네.
927,춘희가 너무 귀여워요^-^
928,아기 너무 예뻐요.~~
929,오늘 <PERSON>님과 즐거운 donut 회식을 했습니다!
930,텀블러 사이트를 폐쇄하십시오.
931,강력범죄자 성범죄자 신상공개 및 무기징역
932,로맨틱 코미디의 여왕.
933,오랜만에 본 일본영화인데 정말 좋았어요.
934,정부는 가상화폐 정책에 관한 직무상 비밀을 누설하는 공무원과 기자에 대한 직권 조사를 실시해야 한다
935,청소년 보호법을 폐지하세요.
936,아주 위대한 영화
937,이미지로 말하는 이명세 감독
938,내가 본 최고의 무협영화
939,리오와 함께 즐거운 회식시간을 보냈어요!!
940,워크숍에서 만나서 즐거운 대화를 나눴어요.
941,"대단해, 저도 데려가 주세요."
942,경찰의 강압 수사가 너무 심해요.
943,오늘 디자인팀의 찻집 너무 즐거웠어요!!
944,언제나 웃겨주는 <PERSON>~!
945,다시한번 환영합니다.
946,두 주인공의 연기뿐만 아니라 정말 막다른 골목의 연속이다.
947,이런 것도 가능할까요? ㅋ
948,빨리 태어나는 법을 개선하세요.
949,(갑자기 삼천포 ㅋㅋ)
950,연기를 잘한다고 알려진 조진웅씨의 절제된 연기도 좋았다!!
951,화려하지는 않지만 따뜻하다
952,아... 참...
953,꿀팁 감사합니다~!
954,"뭐, 이런 영화도 있고, 최고가가 있으면 최악의 영화도 있습니다."
955,암호화폐를 철저히 규제해 주세요.
956,소름 돋는 리드 때문에 끝까지 볼 수가 없어요.
957,가보겠습니다!!
958,5인 미만 사업장 근로자에게도 연차휴가를 주세요.
959,내 인생 최고의 드라마다.
960,뭐야? 이 못난 영화는?
961,왜 이런 영화가 점수를 넘는지...
962,최고의 영화였습니다.
963,"식도락으로 시작해 코딩, 구글 애널리틱스 등 다양한 주제를 오가며 이야기를 나눌 수 있었습니다."
964,저희 회사에 새로 합류하게 되어 너무 설레요!
965,빚 탕감 정책에 찬성합니다.하지만…
966,"아, 정말 돈이 아깝네요."
967,문 대통령과 여당 분들은 답변 부탁드립니다.
968,서울시장... 생각을 좀 해야겠어요.
969,토지공개념 확대 시행 부탁드립니다.
970,너무 재밌고 또 보고싶어.
971,저도 아라보 너무 좋아해요.
972,다음에는 오프에서 만나요!
973,그런데 오렌지를 넣어야 맛있지 않나요?
974,지금 계신 분들은 식당 사장이셔야 합니다.
975,안녕하세요 미세먼지 방지 대책을 생각해봤습니다.
976,청소년 보호법을 폐지하세요.
977,문재인 대통령이 사퇴를 요구하고 있다.
978,환영해 주셔서 감사합니다.
979,오로지 북한 경제에서 살려라
980,● 공언 인터뷰 자제 청원
981,대통령님 도와주세요!!
982,향이 천리향이라고 해서요!
983,청와대를 호남으로 이전해 주세요.
984,세세한 업데이트 센스 감사합니다.
985,남북 정상회담에 관한 국민의 요구
986,이 서류만 있으면 홍콩으로 돌아갈 때 7일만 호텔에서 격리하면 됩니다.
987,콜센터 내부 환경 개선 부탁드립니다.
988,태풍으로 인한 인명피해가 오기 전에 국민 안전을 최우선으로 생각하시기 바랍니다.
989,드루킹 특검 발의하시죠.
990,브리짓 너무 귀여워...
991,대통령에게 하고 싶은 말
992,이 영화는 꼭 봐야 한다
993,"살던 곳, 살던 곳에 대한 이야기로 시작해서 인턴십까지 많이 얘기했어요!"
994,검찰은 조 에밀리의 가족에 대해서만 보도하는 것입니까?
995,국민청원 실명제 도입이 필요합니다.
996,연출이 느껴지지 않는 영화
997,많이 흘렀어. 부끄럽다;;;;;;;;;;;;;;;
998,이 영화 너무 재밌겠다.
999,이거 초등학생때 본거야~ㅋㅋㅋㅋㅋ
1000,시작을 워크숍에서 함께 할 수 있어서 너무 즐거웠어요.
1001,중간에 튀어나오려는 걸 참고 끝까지 봤는데.. 시간만 아까웠다.
1002,문무일 검찰총장 파면 청원
1003,오랜만에 봐도 역시 그림부터 스토리까지 정말 즐겁고 재미있어요.
1004,두 사람 모두 주부 성향이 공통적인 것을 확인했다.
1005,"문재인 대통령님, 부탁드립니다."
1006,지루하게 전개되는 주인공의 죽음의 끝.
1007,관심있는 분들과 즐겁게
1008,e스포츠나 아시아경기나 월드컵에서 1등을 하면 군대에 가지 않듯이 다른 국제대회에서 이기면 가지 않았으면 좋겠다.
1009,김명수 대법원장의 입명에 반대합니다!!
1010,심심해서 보다가 잤어요.
1011,요즘 싱어가게인2가 또 핫하네요.
1012,진짜 아니야... 이건 아니야...
1013,몰입도도 좋고 재미있네.평점이 이렇게 낮을까?
1014,제주도 예멘 난민 입국 반대입니다
1015,가상화폐 거래소 폐쇄에 찬성합니다.
1016,요즘 개발자들의 연봉 인상 소식이 자주 들려요.
1017,"오, 이거 좋네요. (웃음)"
1018,"초·중·고등학교에서는 노동법, 소년범에 대한 처벌, 처분 등을 가르쳐야 한다."
1019,다음에 또 이야기해요!!
1020,"대통령님, 이재민 여러분 도와주세요."
1021,문무일 총장을 즉시 해임하십시오.
1022,영화를 보고 담배만 술술 피우고 있어.
1023,스토리는 분명했지만 보는 내내 지루하지 않고 긴장했다.
1024,500명 규모의 친환경 개발팀 구성 제안
1025,시대가 바뀌어도 빛을 발하는 그의 연기... 대단해!
1026,대학 병원 PA 간호사
1027,오늘까지의 국민연금 적자는 어느 정도인가요?
1028,이대목동병원의 전방위적 특별감사를 실시해 주십시오.
1029,[제안] 일자리 창출 방안 개선
1030,지금까지 본 영화 중에 최악인 것 같아.
1031,(20만명의 동의를 꼭 부탁드립니다)
1032,당사의 회의는 운동복으로 모입니다!
1033,이명박 출국금지를 청원합니다.
1034,조두순 무기징역 선고
1035,이 영화 너무 좋아요.
1036,문재인 대통령은 잘못 설계된 기초연금을 개혁하세요!
1037,크림하우스 리콜 및 환불
1038,홍콩 맛집 같이 알아볼까요?
1039,서로 연구하고 있는 분야와 각각의 미국생활에 대해 많은 이야기를 나누었네요!!
1040,오~ 생일 축하해요.~~!
1041,후속작품도 빨리 개봉하시길 바랍니다!
1042,러시아 월드컵 방송은 일체 금지시켜 주세요.
1043,평점이 낮은 이유를 말씀해주세요.
1044,지금 봐도 재미있다는건 대단한 영화라는 증거에 카메론디아스 왜그렇게 예뻐?? 눈물)
1045,마지막 분장면 때문에 분을 너무 지루하게 봤어.
1046,"워머드, 일간베스트 등 성별 혐오로 가득 찬 사이트에 대해 처벌 부탁드립니다."
1047,개천절(7/17) 공휴일 재지정 즉시 실시하라
1048,공공기관 비정규직 정규직화 및 처우개선
1049,이명박 출국금지해주세요.
1050,강제개종목사처벌 및 강제개종처벌법 제정
1051,주정뱅이 감형을 없애주세요!
1052,모든 신문과 방송 기사가 문재인 대통령에 의해 모자이크 처리되기를 바랍니다.
1053,다음에 또 얘기해요~!
1054,아시안게임 야구대표팀 금메달 획득 시 군 면제 철회
1055,범죄에 대한 처벌을 강화해 주세요.
1056,이명박 출국금지해주세요
1057,이런 게시판 폐쇄를 청원합니다.
1058,한국전쟁 군경 국가유공자의 한을 풀어주세요!!!
1059,캡처할 때 마우스 커서를 끄세요.
1060,층간흡연과 관련하여 엄중 처벌/층간흡연자의 담배 구매 제한 청원합니다.
1061,존 쿠삭의 섬세한 연기 굿!!
1062,너무 즐거운 시간이었어요!
1063,2차에서는 조은의 추천으로 카페에 들러 라운지를 빌린 듯한 고급 테이블에 앉았다.
1064,국민연금 2060년 소진
1065,최근에 나온 소니 이어폰을 한번 써보고 싶네요.
1066,곧 만나요!!
1067,다음에 기회가 되면 같이 만나요~!
1068,답답해요.도와주세요。
1069,청소년 보호법을 폐지하세요!
1070,"재미없어, 재미없어, 재미없어."
1071,피감사기관 후원 해외출장 국회의원 전수조사 & 위법시 법적 처리
1072,꼭 봐주세요!!
1073,드루킹 김경수를 구속 수사하고 특검 연장을 해서 진실을 밝혀야 대한민국이 살아남을 수 있습니다.
1074,스포츠 분야의 병역 특혜 제도의 문제가 있습니다.
1075,로버트 다우니 주니어의 이름을 떠올리게 한 영화.
1076,앞으로 잘부탁드립니다!!
1077,조만간 만날 수 있기를 바랍니다!
1078,검정고시가 패지되어야 한다고 생각합니다.
1079,이 영화는 정말 감동 그 자체다.
1080,국회 해산에 대한 청원
1081,"대형 통신사 폭정 개선, 피해복구, 관련자 처벌"
1082,이명박 전 대통령 출국 금지
1083,세무서 업무포기에 따른 공무원 소송비용 손실 및 징수우선순위 민원
1084,드라마가 겹칠수록 재미있다.
1085,요즘 매일 알찬 정보 보내주셔서 감사합니다.
1086,"중국의 황사, PM2.5, 모래 바람으로부터 국민을 지키세요."
1087,스토리도 좋고 흐름도 좋고 볼만해.
1088,네! 알아요!
1089,개인회생상환기간 단축 시행에 따른 기존 회생진행자 소급 적용
1090,가슴 아프고 답답하고 어이없는 영화 괜히 본다.
1091,가상화폐 거래소 폐쇄에 반대합니다.
1092,재미없어서 봤는데 봐야겠다.
1093,아동 범죄 처벌 강화
1094,다음 워크숍에서 같은 팀에서 만나요!
1095,저희 집을 찾아주세요.
1096,초중반까지는 좋았는데 감독님이 너무 많은 걸 보여주려고 한 것 같아요.
1097,늦은 시간까지 수고하세요!!!
1098,배우들의 연기력만 낭비한 예인 것 같다.
1099,영화 정말 재미없네요.
1100,낙태죄 폐지 반대
1101,정말 할 말이 없어.
1102,제가 처음에 낯을 가려서...다음은 두번째니까 제대로 인사할게요~!!
1103,다산신도시 실버택배 철회
1104,마지막이 인상적이네.
1105,●확실한 증시부양책 증권거래세
1106,고속도로 휴게소 여성전용주차구역 폐지
1107,너무 재미있네요! (웃음)강추합니다!
1108,원작 소설을 꼭 봐야 할 것 같은 영화 정말 감동이고 충격이었다.
1109,좀 거칠고 난해한 내용
1110,유은혜 장관 임명 철회 요청
1111,지정 차선제 단속 강화
1112,"오, 너무 필요했던 아주머니네."
1113,개인적으로 너무 재미있게 봤다
1114,어... 너무 어이가 없네...
1115,대전에서 힘내세요~
1116,볼만한 영화임에 틀림없어요.
1117,정형식 판사는 파면에 그쳐서는 안 된다.
1118,잘. 금액이 놀라워요. 깊이가 얕습니까? ㅋ
1119,그냥 달달하네.
1120,김기식 금감원장이 잘못한 것
1121,눈물 흘렸어 지겨워서
1122,다들 건강 잘 챙기면서 하나가 됩니다.아아.
1123,문재인 대통령에게 청원합니다.
1124,가능하면 이런건 안쓸텐데.. 진짜 재미없어.
1125,부산외국어대학교(구) 우암캠퍼스 개발
1126,당연히 언제든지 고고.
1127,얼마나 길게 나오나요?
1128,마치 영상을 보고 잠시 보는 것처럼... 히히히
1129,"최고, 최고, 최고, 최고야."
1130,아주 얌전하고 말을 잘해서 시간이 금방이었어요.
1131,지방법원의 만행과 개인회생 36개월 단축 소급 전국에 시행하라
1132,"히히, 앞으로도 함께 즐거운 일 많이 만들어봐요."
1133,요즘 하는 드라마 중에서는 제일 재밌었는데 끝나서 너무 아쉬워요.
1134,얘기하다 보니까 길어져서 40분 했네요. 하하하하하하하하하하하하하하하하하하하하하하하하하하하하하하하하하하하하하하하.
1135,경기도 평택에서 덤벨 사건의 주범인 7세 소녀를 처벌해주세요.
1136,"에이~ 대단해, 할 말을 잃는다..."
1137,이화여대목동병원 신생아 사망사건 책임자 의사직 박탈 청원
1138,올해 극장에서 본 영화중 최고!!
1139,너무 즐거웠어요!! 다음에 또 만나요~!!
1140,억지 스토리와 불필요할 정도로 화려한 액션
1141,무고한 피해자들을 지켜주세요!
1142,층간소음의 법적 기준을 강화해 주세요.
1143,저는 공감할 수 있는 영화였습니다.
1144,선거운동에 관한 소음에 법적 규제를 마련하세요.
1145,도로 위 SK에너지 맨홀 끼여 부상
1146,아~ 정말 짜증나는 애니메이션이다.
1147,저도 기대가 되니까 라인 공유해서 리뷰하러 가볼게요!
1148,오 다들 정말 감사합니다!!!
1149,내용전개가 짧은게 아쉽다...
1150,한마디로 쓰레기 영화
1151,"와, 세 분 축하드립니다."
1152,"의미를 알 수 없는 난해한 장면의 반복, 지루함…"
1153,사람들은 올바른 위치에 있어야 합니까?
1154,가을과 여름을 부탁해!
1155,제 설명이 맞길 바라고 아시는 분 있으시면 알려주세요!
1156,네이버 댓글 실명제 요청합니다.
1157,사업장에서 하룻밤 사이에 철수됩니다. 도와주세요!
1158,(장시간 휴가를 다녀와서..) 확인이 늦었습니다.)
1159,전쟁이 있으면
1160,좋은 배우를 데려와서 이렇게 밖에 활용이 안된다니.
1161,정시 확대 수시 최저 폐지 반대
1162,이보다 재미없을 수는 없다.
1163,영화관에서 안 봐서 다행이야.
1164,뭘 보여주려는 건지 모르겠어.
1165,아이들과 함께 보는 영화는 아니지만 올 여름 아이들에게 꿈이 현실이 되는 영화입니다.
1166,다시는 이런 영화 보고 싶지 않네요.
1167,나중에 제가 새로 공부할 때 도움이 될 거예요!!
1168,나는.. 나만 정말 박현지 역의 연기를 볼 수 없다고 느낀거라고 생각했는데 거의 시청자들이 나와 같은 생각이네..
1169,드라마를 원래 안 보는 사람인데 재미있어요.
1170,<PERSON>과의 운명적인 만남!
1171,국민연금 주식은 재미가 없었나요?
1172,다음 모임에서 만나요~
1173,모두를 따뜻하게 환영합니다!
1174,와 유전에서 나무를 누가 사줄지(마당이 있는 집이 부러워서) 바로 옆에 계셨어요.
1175,근데 그래픽이 좀 이상해.
1176,안녕하세요!여러분。
1177,영화를 보고 별로 울지 않는 저를 울렸습니다.
1178,김관용 도지사 세 번째 거짓말
1179,믿을 수 없는 이야기로 가능성은 없다.
1180,재밌었는데.뭘 그렇게 심각하게 보고 있나?
1181,정치색은 둘째치고 재미없다
1182,대한축구협회에 대한 국정감사를 강력히 요구합니다.
1183,떡볶이 마니아... 침이 줄줄...
1184,김기식 금융감독원장을 파면시켜 주세요.
1185,알려주신대로 해보고 리뷰 남길게요.
1186,구법개정 절대 실패!!!!!!! 안돼~~~~~~~~~~~~~~~~~~~~~~~~~~~~~~~~~~~~~~~~~~~~
1187,김성수 친일재산조사 및 환수조치 청원
1188,다산신도시 정부지원 반대 의견 모아야 합니다!!
1189,대한민국의 '건설 안전사고' 안전교육만이 살 길입니다.
1190,"전작 재미없다는 거, 나는 재밌게 봐도 재미없다는 거 그냥 봤는데 실망감이 커."
1191,문재인 대통령님께 부탁드립니다
1192,"아, 이렇게 귀여운 거 어떻게 알아요?"
1193,"서울 수도권의 모든 학교, 회사의 휴교령을 부탁드립니다."
1194,나는 <PERSON>과 꽤 오랜 시간 이야기를 나눴다.
1195,앞으로도 자주 인사드리겠습니다.
1196,영화는 영화다워야 하는데 이건 다큐멘터리 같은...
1197,진짜 뭉클했어.나는 이 영화를 불 속에서 보았다. 김혜선이 귀여워서 이 영화를 봤어. 나는 이 영화를 정말 좋아하지 않는다.
1198,자녀를 희망하는 부부를 위한 불임지원을 확대해주세요.
1199,하루빨리 코로나에서 완전히 회복되길 기원합니다.
1200,카드 수수료 폐지가 불가능하다면 부담 주체를 바꾸자.
1201,여운이 많이 남는 작품입니다.
1202,너무 재밌어서 점심시간이 눈 깜짝할 사이였네요!
1203,평창 썰매장 휴관을 멈춰주세요.
1204,다들 너무 바쁜 와중에 밥무대에서 만나서 점심 먹으면서 이런저런 얘기를 나눴어요.
1205,그냥 결말이 공기펀치를 날려서 끝인지.....
1206,주택 임대차 보호법을 강화하세요.
1207,재미없었어.심심해.
1208,뻔한 스토리...----
1209,초등학교때 친구집에 부모님이 나가셔서 몰래 본 영화...
1210,장화홍룡과 함께 최고의 영화
1211,눈 뜨고 못 보겠어.
1212,끝이 없다는 것은 아무 의미도 없다
1213,국회의원을 없애주세요.
1214,이제 마지막으로 눈물 흘리고 말았어
1215,오늘 이야기 할 수 있어서 너무 즐거웠어요.다음에 또 이야기 할 수 있었으면 좋겠어요!
1216,평창 숙박업소 바가지요금 단속 및 규제
1217,여행은 어떻게 사람의 가치와 인생을 바꿀 수 있나요?
1218,"한국 최초의 잠수함 영화라고 하는데 한 표, 두 배우의 연기에 한 표."
1219,의도는 좋았을지도 모르지만 무슨 말을 하려는지도 모르고 결말은 저게 뭐야...
1220,"와, 정말 산은 너무 커서 원근법을 무시하는 것 같아요!"
1221,다음에 꼭 같이 해요. ^^
1222,메뉴의 문제를 인계받을 친구가 있습니까?(웃음)
1223,"수능 온라인 접수, 수능 지역 자유"
1224,드루킹 특검 수사를 연장해서 정확히 밝혀주세요.
1225,이상하게 천정명한테 줄 것도 없고 얄미운 얼굴이었는데 군대 갔다 오고 나니까 괜찮아졌어.
1226,정말 보여주기 위한 영화(빛좋은~
1227,알파치노의 연기는 대단하다.
1228,음식이 정말 맛있어서 눈물을 흘리며 먹었어요.
1229,●100대 교육과정을 없애주세요.
1230,청소년법 폐지해주세요.
1231,주인공이 겪어야 했던 심리적 허무함은 보는 내내 가슴 깊숙이 전해져 영화가 말하는 전쟁의 참혹함에 눈물을 흘릴 수밖에 없었다.
1232,성범죄 공소시효를 폐지시켜 주세요.
1233,여러분 즐거운 불금 되세요.
1234,"기간제(전일제, 시간제) 교사에 대하여"
1235,정말 오랜만에 재밌게 봤어요.
1236,너무 웃겨서 5번이나 본 것 같아. 최고!
1237,이명박 전직 대통령을 출국금지해 주세요.
1238,"학생 여러분, 한번만 꼭 읽어주세요."
1239,다음에 또 이렇게 뵐 수 있으면 좋겠습니다.
1240,앞으로도 잘부탁드립니다!!!
1241,너무 유익하고 즐거운 시간이었어요~~!
1242,정형 판사의 파면을 청원합니다.
1243,여성도 헌법에 규정된 국방의 의무를 지게 해주세요.
1244,그 고마움이 푸른 감정이 되어
1245,일상 공유에서 평소 궁금한 점을 부담 없이 들을 수 있는 시간이었습니다.
1246,아이디어가 너무 궁금해요.
1247,대한민국의 미래는 지옥이다
1248,다음에 사무실에서 다시 만나요!!!
1249,미팅 결과 두 부분에 대해서는 투표로 방향을 잡아야 할 것 같으니 투표 부탁드립니다!
1250,이명박 전직 대통령 가족의 불법행위는 엄정한 법에 의거 사법처리를 청원합니다.
1251,양심적 병역거부 무죄 판결의 문제점
1252,운 좋게 받았네요.
1253,결말이 슬프지만 여운이 가시지 않는다.
1254,청소년법 폐지 부탁드립니다.
1255,환절기에 몸조심하시고 다음에 또 만나요!
1256,진짜 재미없어. 왜 이런 영화가 있지?
1257,강남순환고속도로 사당IC 출구에서 매일 소심한 운전자를 단속하세요.
1258,흡혈귀 공식에 충실하게 잘 만든 영화.
1259,군대위수지역 폐지와 확대 부탁드립니다.
1260,잔잔하면서도 뭔가 깊은 것이 있는 영화
1261,이미지 배경이 투명해서 이미지 수정할게요!
1262,대통령! 지원 감소에는 이유가 있습니다.
1263,시간 가는 줄 모르고 계속 웃다가 끝났네요. ㅋㅋㅋㅋㅋㅋ
1264,가상화폐 거래소 폐쇄 반대
1265,초반에 노출이라는 평점에 낚여봤다.
1266,감명깊게 봤습니다.
1267,어디선가 본듯한 뻔한 스토리와 진부한 표현 전개..
1268,와 양양이 너무 귀엽네요.
1269,난생처음 평점을 매겨볼게요.
1270,재밌게 보고 있습니다.^^
1271,다음에 또 만나요~!!
1272,육아휴직 기간을 현실을 고려하여 늘려주세요.
1273,아직 몇 살이 되지 않았지만 이제는 내 자신을 그려볼 생각이다.
1274,방금 아내가 보내준 사진이에요.
1275,안녕하세요 저는 한국에 사는 청년입니다.
1276,공공기관의 지방 이전 결사 반대
1277,국회 해산 및 조기 총선을 희망합니다.
1278,아파트 실내 금연 관련 법안을 작성해 주세요.
1279,너무 재밌었어요 (웃음)
1280,그리고 영화는 안보는게 좋겠어.
1281,남성가족부도 만들어주세요.
1282,항상 처음에는 규션고양이가 호랑이인 줄 알고 알아차리네요.
1283,레이첼 니콜스 때문에 봤는데 너무 안나왔어-_-;; 캐릭터 완성도 때문에 살이 많이 빠진 것 같은데 매튜 폭스의 노력이 아깝지 않아.
1284,미스터리 소설처럼 구조가 좋고 훌륭합니다.
1285,/ 국민을 먼저 생각하십시오.
1286,코미디로서 이 정도면 꽤 괜찮은 편...
1287,기존 스파게티 웨스턴에서 다루던 주제와 달리 세 주인공은 오직 서로의 욕심만을 위해 움직이면서 이야기가 펼쳐진다.
1288,스트레스를 유발한 답답함 때문에 더 이상 글을 읽을 수 없는 여성의 작품이며 이후에도 비슷한 스트레스를 가끔 겪는다.
1289,김현미 장관은 하얀 고양이다.
1290,로빈 라이트의 매력적인 배우
1291,정말 시간 아까운 최악의 영화...
1292,"문재인 대통령님, 하야하세요."
1293,가상화폐 폐지에 절대 반대입니다...
1294,다산신도시 등 아파트 단지의 택배 차량은 금지해 주세요.
1295,1가구 1주택도 양도세를 부과하세요.
1296,인천 화살머리 사건 피해자의 억울함을 풀고 가해자 교육계의 퇴출로 교육계의 적폐청산이 이루어지길 청원합니다.
1297,사무실에 이 회사야?!
1298,음.. 저는 좋았습니다만.
1299,국민에게 피해를 주는 스포츠토토 회사 케이토토를 고발합니다.
1300,국회의원의 월급과 혜택을 줄여주세요.
1301,언젠가 우리 회사에 문학동아리가 생기길!!+_+
1302,김기식 금감원장은 사퇴해야 합니다.
1303,너무해요. 정말...
1304,평점이 그냥 스포일러...
1305,경찰 인력 증원보다 CCTV를 더 늘려주세요.
1306,"다산신도시 납품 논란, 국세는 납입 반대."
1307,"오, 다같이 박스드롭인 고고해요!!ㅋㅋㅋㅋㅋㅋㅋㅋㅋㅋㅋㅋㅋㅋ"
1308,청소년 보호법 폐지를 요청합니다.
1309,성매매특별법을 폐지하고 유럽처럼 합법화하세요.
1310,●북한에 선심성 예산 모두 삭감하라
1311,국민과 공무원이 함께 잘 사는 나라를 만들어 주세요.
1312,한국축구협회 다 바꿔주세요.
1313,16인치 맥북 프로도 기대가 됩니다.
1314,한국에서 만나요!!(웃음)
1315,나눔로또 생방송 부탁드립니다.
1316,다음에 또 만날 수 있는 기회가 되었으면 좋겠네요!
1317,고민 속에서 좋은 길을 결국 선택하게 될 거라고 이야기를 나눴어요.
1318,우리는 영어 듣기 기계가 아닙니다.
1319,내가 만들어도 이보다 무서울 수 있어.
1320,잘부탁드립니다~
1321,"오, 환영합니다.~~"
1322,친일 후손에게 친일세를 부과하세요.
1323,감독님 배우 스토리 다 멋있어요.^^
1324,해결되지 않은 질문과 대답을 주고받는 놀라운 쇼
1325,홍상수 좋아하는데 이 영화는 솔직히 별로...
1326,나는 아직도 가장 무도회를 기억하고 있어.
1327,대충 의견이 모아진 것 같은데 뭔가 멋진 워크샵을 만들어 봅시다.
1328,30분 동안 30개의 토픽을 얘기했던 것 같은데 ㅋㅋㅋㅋㅋ
1329,운전 면허 시험 1종 오토를 만들어 2종 오토 무사고 10년에 1종 오토로 변경할 수 있도록 하십시오.
1330,"재미있습니다。,"
1331,왜 그 앞에 초자연적인 현상이 놓여 있는지를 보고 '왜'라는 단어가 계속 나옵니다.
1332,배경이 너무 예쁘다.
1333,카풀 서비스가 다른가요?
1334,청소년법 폐지해주세요!!
1335,경남제약이 상폐증이 되어야 합니까?
1336,안전한 도로를 만들어 주세요.
1337,일주일 동안 너에게 줄까 정말 생각했어.
1338,저는 우리가 그들을 결합할 수 있다고 생각합니다.
1339,암호화폐 거래소 폐쇄 금지
1340,액션을 사이코처럼 하고 싶다면 좀 더 과감하게 하거나 심리적 구성을 잔혹하게 만들면 된다.
1341,강력범 처벌 특별법 제정
1342,뭔가 서운하게 만드는 영화.
1343,폭풍우 시설의 설치
1344,개인적으로 인터스텔라보다 좋았다.
1345,암호화폐 규제 및 코스닥 활성화 정책
1346,노동 사각지대 대학원생 조교
1347,편보다 별로지만 볼만했어.
1348,물가 때문에 사는 게 너무 힘들어요.
1349,이런 영화류 너무 좋아.
1350,정말 보면서 아름다움에 매료됐어.
1351,편안한 밤 되세요!
1352,감동까지 주는 영화
1353,근데 이영걸의 행동도 재밌어.
1354,정형식 판사 파면 청원
1355,낮에 불꽃놀이를 해서 서울까지 올라갈 수 있습니까? 하 0 하하
1356,인천의 문제점 10511
1357,대한항공과 조씨 가족
1358,어설픈 특수효과가 영화의 묘미.
1359,최대한 자료를 거듭하려고 노력하고 있습니다.
1360,날짜부터 정해봅시다.
1361,사형제도를 부활시켜 주세요.
1362,말을 나누면서 힘을 얻읍시다! 놔둬-
1363,불공정한 학종을 줄이고 정시를 늘리십시오.
1364,국민연금 및 관리공단 폐지 청원
1365,Google Play 결제 환불을 간단하게 해주세요.
1366,"대통령님, 경찰 때문에 죽을 것 같습니다."
1367,"주식, 부동산은 왜 폐지시키지 않나요?(가상화폐 규제 반대)"
1368,일용직의 체불 임금
1369,우리 업무가 너무 달라 각자의 업무에 대해 궁금한 점을 묻고 답하다 보니 정말 30분이라는 시간이 훌쩍 지나 아쉬웠습니다.
1370,배드민턴 같이 해요~
1371,옴보딩 열심히 하고 다음에 또 맛있는 식사하고 티타임 해요!
1372,이는 4대 서비스 원칙을 위반합니다.
1373,"월요일에 다시 뵙겠습니다만, 이번 주도 시간 내주셔서 감사합니다~!!"
1374,철학적인건 몰라도 일단 너무 지루해.
1375,강서구 PC방 피의자
1376,지금까지 본 영화중에 최고!!!
1377,강서구 PC방 살인사건 용의자 폭로
1378,경산대부비행장 허가 부탁드립니다!
1379,열심히하세요。또 뵙겠습니다!!(웃음)
1380,<학생인권증진을 위해 머리카락제한금지법을 제정해주세요>
1381,맘마미아랑 헤어스프레이 이후 제대로 된 뮤지컬 영화는 없다.
1382,평창 롱페달 받은 의원 전원 김영란법 위반 처리
1383,국내 지도 반출을 허용해야 합니다.
1384,가난한 함정에 완전히 실망했어요.
1385,이명박 출국금지를 사용하시는 분은 위의 추천 순서대로 버튼을 눌러 아래로 스크롤하시면 찾을 수 있습니다. 거기에 서명해 주시면 감사하겠습니다.
1386,내일부터 연휴 시작하는데 즐거운 연휴 보내세요~!
1387,원본이 영어인 경우 더빙하지 마십시오.
1388,멋진 활약 기대하겠습니다.
1389,나는 너를 잠시 만났어. 재미있어요.
1390,한반도기 단일팀 결사 반대입니다.
1391,너무 좋았잖아요!
1392,건강 조심하세요.
1393,<PERSON>은 진짜 팬이에요.
1394,우와! 운봉원정대라니~!!요즘 같은 날씨에 딱이네요.
1395,그만큼 정말 재미있고 알찬 내용의 영화였다.
1396,휴일을 위한 와인을 참고하여 모두 즐거운 휴일 보내세요!!!
1397,축산분야 관련 일자리 창출
1398,출국금지가 시급합니다!
1399,스릴러로서는 별로다.
1400,다음에 또 이야기해요~!!
1401,"네, 같이 더 알아보죠."
1402,저도 가면 되나요?
1403,여성 징병제란 무엇입니까?
1404,텔레비전 전기세가 아깝다.
1405,너무해서. 사연을.올립니다
1406,임신하지 않은 여성이 산부인과에 앉는 것을 막거나 처벌하기 위해서는 법이 필수적입니다.
1407,아무 내용도 없다.
1408,"개인회생 소급 적용 요구, 전국 획일적 시행_소급 안 하는 사유는 업무량 증가…헌법 제11조 모든 국민은 법 앞에서 평등하다."
1409,이거는 스토리가 다 뒤죽박죽 쓸 때 없는 거 다 붙이는...
1410,건물에 등급을 매기는 간판 색상을 표시해주세요.
1411,학교 행정실을 없애주세요.
1412,연간 1만명 규모로 방송대 로스쿨 설치를 청원합니다.
1413,편안한 주말 보내세요~
1414,사람이 사람을 판단하는 평가제도를 없애세요.
1415,포켓몬 게임은 정말 재미있어요.
1416,오! 감사합니다.
1417,안녕하세요 저희 회사원 여러분~!
1418,8월 23일 전국 학교에 휴교령을 부탁드립니다.
1419,국민의 한 사람으로서 짧게 투고합니다.
1420,추천받아서 선물받은 책 열심히 읽어볼게요.
1421,청소년 보호법을 폐지해야 합니다.
1422,집값을 안정시켜 주세요!!!
1423,미세먼지 및 황사제거방법
1424,상가 임대차법 임대인의 횡포
1425,7/9급 공무원 시험을 국사 및 국어 과목 외 시험 점수로 대체
1426,가볍게 웃어넘기는 섹시 코미디를 보여주려 하지만 손발이 부끄러워질 정도로 지루하고 어색한 장면만 넘쳐난다.
1427,영화를 보면서 처음으로 내 시간과 영화표가 아깝다는 생각이 들었다.
1428,파일로 저장해서 제공하는 방식으로 진행하겠습니다!
1429,자동차 경주 빨간 차 대단하네.
1430,영화도 만들까 생각 중이에요.
1431,액션만 너무 치우친 것 같아.
1432,상현오피스에서 만났으면 좋겠어요!
1433,B급은 영화의 시작부터 끝까지 즐길 수 있는 것이 있기 때문에 B급이다.
1434,저만큼 생각나는 음악. 내적 댄스 폭발...
1435,과연 믿고 보는 키타노 타케시
1436,"좋은 영화, 그러나 감흥이 없는 영화"
1437,인천인수초등학교 리모델링 부지 안받아...
1438,국가장학금 다자녀(3인) 소득구간 제한 완화 및 폐지
1439,와 정말 재미있네요!
1440,"●손흥민 선수, 군 면제 청운"
1441,버그 없이 잘 될 것 같아요.
1442,창조와 모방의 경계에서 헤매던 우리의 슬픈 자화상...
1443,퇴직금 중간정산을 법적으로 가능하게 해주세요.
1444,미세먼지 대책 아이디어
1445,장애인 주차구역 정비
1446,여러분 어디 사세요?
1447,우리의 것에 대해 이해할 수 있는 좋은 영화였습니다.
1448,심심해서 죽는줄 알았어......
1449,토미 존스의 연륜과 미소에 점뿐.
1450,전기요금 누진제 개선 청원
1451,어린이집 학급별 인건비를 지원해주세요.
1452,나름의 감동도 코믹하게 사라졌다
1453,우리 둘 다 한국의 많은 곳을 방문하고 싶은 욕망? 나 이거 있어.ㅋㅋㅋㅋ
1454,오래전에 본 영화인데 지금 기억으로는 재미없었던 기억이...
1455,호주를 질주하듯 토니자의 액션은 정말 시원했던 최고다!!!
1456,"아, 시간 아깝네. 정말..."
1457,빙상연맹의 사과와 해체를 청원합니다.
1458,루카스 최고.. 정말 멋있다.
1459,신호. 과속 단속 신호 시스템을 개선하십시오.
1460,별 반도 아깝습니다.
1461,경남제약에 다시 한번 기회를 주세요.
1462,평점찾기 성공ㅅㄱㄱ
1463,기초 생활 수급자 근로
1464,많은 생각을 하게 하는 영화입니다!
1465,결말이 조금 아쉬웠지만 개인적으로는 매우 만족!!
1466,쎄타2 엔진 동의 부탁드립니다. 제발... 링크 있어.
1467,"다행이다니, 후. 여진에도 조심하세요."
1468,"문재인 대통령, 삼성, 삼성바이오 분식회계 등 법적·사회적 책임을 다해야 하고 삼성에서 이재용 일가가 떠나야 하는 이유이며 삼성바이오로직스를 반드시 상장폐지시켜야 하는 이유입니다."
1469,진짜 보지 마세요~
1470,최고의 드라마~~!!
1471,"한국 이지스함 SM-3 도입 결정, 미국 MD 편입^^"
1472,너무 유명한 고전 명작이다.
1473,오랜만에 정말 감동받은 영화입니다.적극추천!!
1474,"제주시와 대전시의 중간 지점, 환상적인 위치의 한림에서 만나 뵙게 되어 반갑습니다."
1475,테이쿤이라는 말에 속았다.
1476,"왠지 DKT와 대학원, 연구활동처럼 공부 이야기를 하게 되었는데요."
1477,갑작스런 이야기의 전개에 놀라울 뿐이다.
1478,GPU 지원이 엉망입니다.
1479,열심히 즐겁게 함께 하겠습니다. ;)
1480,내가 캡쳐해놓고 다른 작업을 하고 있어서 클립보드에서 우리 사진이 사라졌어요. 눈물)
1481,볼거리가 많은 영화 너무...
1482,"오, 오? 양배추는 다 괜찮은 거 아니에요?"
1483,아주 단순한 연출과 스토리...
1484,조두순 음주 감형을 폐지해 주세요.
1485,"아, 아무 일도 없어서 다행이네요.와..."
1486,머신러닝을 접한 계기부터 취미생활까지 많은 이야기를 했는데 생각보다 공통점이 많아서 정말 흥미로웠어요!
1487,월드컵도 몰랐던 우리의 부끄러움
1488,가슴이 따뜻해지는 드라마였어요~
1489,자기 얘기를 들어달라는...
1490,무엇에 걸어야 합니까!(웃음)
1491,제시카 알바 너무 예뻐요.
1492,청년임대주택 건설로 청년의 꿈을 키우세요!
1493,빨리 그날이 왔으면 좋겠어요.
1494,다들 조심하세요.~~
1495,국민연금 폐지해주세요.
1496,무섭지도 않고 재미도 없다
1497,출처 반대!!!!!
1498,부산 여중생 폭행사건 소년법 폐지 외쳐주세요!
1499,엔화 약세인데 왜 이런 쓰레기를 자꾸 만드는지 모르겠다.
1500,주연배우들이 연기를 완벽하게 소화해서 작품이 더 빛났나보네요.
1501,고등학교 샐러리맨 휴교. 휴교.
1502,ㅎㅎㅎ 드라마 너무 좋네요!
1503,정형판사 파면해주세요~
1504,다양한 팀의 팀원s를 만나 티타임/점심/디너 시간을 가져보세요.
1505,아이와 함께 즐거웠습니다.
1506,오랜만에 영화를 보니 포스터를 보니 느낌이 좋습니다. 엔딩 크레딧이 올라와서 포스터에 꽂힌 느낌.
1507,국토교통대신! 투기 개시점을 중간 패널티로 처벌해 주세요!
1508,TV조선 채널을 폐간해 주세요.
1509,김정은의 답방 정말 환영합니다.
1510,"대한민국이 선진국이 되는 길, 4차 산업인 가상화폐를 국책사업으로 하고,"
1511,"우와, 움직이는 거 너무 귀여워요."
1512,"서초, 강남, 송파, 강서, 마포, 미친 아파트값 ----- 반값에 왜 못 잡아요?"
1513,국민연금법 개정에 대한 청원
1514,근로시간 단축(주52시간)
1515,시간 되시는 분은 같이 있어주세요.
1516,반대로 한국 스타가 발음하기 어려운 글로벌 스타의 자국어 본명 대신 영어 별명으로 부르기 쉽다.
1517,삐뚤어진 마음이 있어서 멋있다.
1518,오전부터 좋은 에너지를 얻었습니다.
1519,다음에 또 이야기 할 수 있었으면 좋겠어요!
1520,무슨 이야기를 하고 싶은지 도무지 알 수 없는 영화네.
1521,제 개인 메일로 그룹으로 메일을 보내니 이렇게 답장이 오네요.
1522,가상화폐 거래소 폐지 반대 및 제안
1523,궁금해서 영화를 봤는데 적응이 너무 안되서 드라마를 좋아하지 않았지만 연기와 드라마적 요소를 잘 활용하여 재미있었다.
1524,마지막으로 정말 감동입니다.
1525,정말 재미있어요.^^
1526,키릴과 사만다는 모두 결백하다.
1527,감독님 전작만 믿고 예매했는데 왜 이 배우들을 데리고 이런 영화를 만들었는지 모르는 영화.
1528,러시아 가스관 PNG의 장점은 무엇입니까?
1529,난민에 대한 불편한 진실 2
1530,"아, 뭐라고 할 수가 없어. 절대 보지 마세요."
1531,오늘 날씨가 정말 좋네요~!
1532,아스팔트 색상을 변경할 수 없나요?
1533,센터 에드워드의 출연분은 많지 않고 삼각관계는 시간 이상 해결하지 못하고 끝난다.
1534,조두순 출처 반대입니다.
1535,최고의 한국영화!!!
1536,탈옥을 즐기고 계시네.방을 비우러 언젠가는 경기도에 가고 싶다.
1537,저도 밤에 딱 맞는 노래!
1538,딱히 뭐라고 할 수 없는 영화였던 것 같아요.
1539,탈원전을 검토한다면 그것이 진정한 소통이다.
1540,키워드 검색입니다.
1541,성룡이 주연인 줄 알았잖아.
1542,코스닥 시장을 도와주세요.
1543,경찰 지원 제도를 늘려주세요.
1544,다음에 또 뵙겠습니다.(웃음)
1545,내 인생 최고의 시트콤
1546,가상화폐 거래소 폐지가 무슨 말씀이신가요?
1547,조재현과 김기덕 두 악마는 왜 이렇게 평온할까요?
1548,볶음밥 파스타 굿 굿 굿
1549,정식 판사를 즉시 파면 요청합니다
1550,"당시 기준으로 보면 되는 영화, 지금 기준으로 보면 그저 그런 영화."
1551,"점심시간에 자전거를 타고 한강에 다녀왔는데,"
1552,앞으로 저도 잘 활용하겠습니다.
1553,나는 어떤 식으로든 평창 올림픽에서 남북 단일팀 구성에 반대한다.
1554,층간소음 법률 강화 부탁드립니다.
1555,대단해! 재밌어!!
1556,개발된 지역에 섬처럼 남아 있는 집
1557,보는 내내 괜히 내가 아파
1558,목적 없이 표류하는 것은 나름대로 의미가 있을 수 있지만 미학적으로는 기대 이하로 짧은 러닝타임도 견디지 못했다.
1559,곧 던전에서 도움이 될 거예요.
1560,오징어게임은 아직 다 못봤는데 저도 이번 주말에 꼭 처음부터 볼게요~!!
1561,이명박 출국금지!!!
1562,많은 사람들이 <PERSON>과 함께 시간을 보내기 위해 모였습니다.
1563,커리어를 시작한 지 얼마 되지 않아 고민이 많은 저에게는 매우 귀중한 시간이었습니다.
1564,돈이 아깝지 않은 영화네요.
1565,"와, 이거 멋지네요."
1566,검찰의 편파수사 및 축소수사에 대하여
1567,"문재인 대통령님, 댓글 부대도 수사해 주세요."
1568,올해 가장 큰 위로가 되는 구절
1569,영화에 열중하고 있는 것 같아요.
1570,진짜 진짜 웃겨.눈물)
1571,조폐국 한번 해볼게요.
1572,코로나가 심상치 않네요.
1573,이런 남자가 있을까...
1574,"강서구 PC방 아르바이트 살인사건 용의자, 동생 재수사를 부탁드립니다."
1575,다양한 주제에 대해 가볍게 이야기했습니다.
1576,나경원 의원 평창올림픽위원직을 파면시켜 주십시오.
1577,서로에 대해 알아가는 시간이 너무 재미있고 즐거웠습니다.~~
1578,아직 적응하느라 바쁘시겠지만 건강관리에 유의하세요.
1579,거의 포장완료!!
1580,연인들이 만나는 모든 이야기는 특별하거나 색다른 것 같아요!
1581,입사 후 오랜만에 <퍼슨>을 만나 이야기를 나눴다.
1582,나는 아직 거기 가지도 않았어.
1583,"이명박 대통령 및 이명박 관계자, 다스/BBK 관계자, 적폐된 부역자는 처벌하십시오."
1584,너무 실망한 후반부.
1585,이거 정말 역대 최고의 캬~(웃음)
1586,카드 또는 세금계산서 현금영수증 발급이 필요한 경우
1587,주말 잘 보내세요.다음 주도 파이팅입니다!
1588,"왜 봤지, 이걸 시간 동안."
1589,한진 일가 구속 수사
1590,그리고 그 세 영화와 함께 제가 좋아하는 영화가 되었습니다.
1591,금일 설명회 이후 네트워킹 데이 참여/네트워킹 이벤트 문의 링크를 공유할 예정입니다.
1592,미세먼지를 해결해주세요.
1593,고등학교 학점제를 진행해 주세요.
1594,다음에 또 이야기할 수 있는 기회가 있으면 매우 기쁠 거예요!
1595,코로나19가 이제 막바지에 이르렀습니다.;ㅁ;
1596,고위공직자 및 국가의 불법건축 및 확장
1597,집을 구하려니 집값이 생각보다 안나와서요.
1598,지루한 일상 속에서 지루하지 않은 결말.
1599,공매도를 폐지해야 하는 가장 큰 이유
1600,처음 봤을때는.. 하지만 다시 보니 충격만 받는 영화는 아닌것 같다.
1601,주 52시간 근무로 인해 상근 근무가 3교대로 바뀌었습니다.
1602,"한부모가정, 개인회생 - 변호사 사무실 장난으로 살고 싶은 희망이 사라진다"
1603,이명박 출국금지 시켜야 해요.
1604,아동통학버스 하차확인제 의무설치
1605,오빠들 더 멋있어졌어요(웃음)
1606,좀 지루해요.
1607,사진을 찍은 사람입니다.
1608,갑자기 모니터가 꺼져서 이번 기회에 모니터를 새로 살까 고민이에요.
1609,기억상실증은 오버잖아.
1610,"대통령님, 집값 정책을 펴서 귀머거리게 하고 서민과 중산층으로 구성된 특별전담팀을 꾸리는 부유층 정부 관료들에게 맡기지 마라.~~"
1611,항상 음식 사진을 찍지 마세요.
1612,정말 답장이 없다.
1613,다시 만나서 이야기 할 수 있는 시간이 있었으면 좋겠습니다.(웃음)
1614,"뻔한 스토리, 하~"
1615,하나 주기도 아까워!!
1616,다음에는 꼭 업무 이외의 다양한 이야기를 할 수 있기를 바랍니다.
1617,정말 재미있었던 작품이다.
1618,그렇게 유치한 느낌이 들었어.
1619,부산 여중생 폭력 사건의 강력한 처벌을 부탁드립니다.
1620,어린이집 폐쇄회로(CC)TV를 휴대전화로 실시간으로 볼 수 있도록 해주세요.
1621,이명박 출금 금지를 청원합니다.
1622,마일스텔러의 연기도 훌륭했어요.
1623,굉장히 재밌었던 기억이!!
1624,5분의 수면이 중요하다
1625,하루빨리 완전히 회복되기를 바랍니다.
1626,저도 너무 즐거웠어요!!
1627,최저임금에 대한 재고 부탁드립니다.
1628,15번째로 <PERSON>씨와 매우 즐겁게 이야기했습니다!
1629,내가 진짜 이기적인데. 내가 살아가는 내내 메릴 스트립의 연기를 보고 싶어.
1630,(한 번만 봐주세요) 저는 가정폭력의 피해자입니다.
1631,평창 올림픽 한반도기
1632,대통령을 소통의 질서로 격하
1633,항상 일에 관해 많이 물어보는데 좋은 의견 감사합니다.
1634,킬링 버스를 잘 들어서 리뷰가 너무 좋아요. (´;ω; ))
1635,볼까? 라고 하는 분은 만화 읽기를 추천하는 스토리 전개가 다르다.
1636,지구 온난화의 조속한 대책 마련
1637,최저시급 인상에 따른 3급 장애인 의료비 10배 인상!
1638,남은 일주일도 무사히 마치세요.
1639,사무실에 한번도 안가봤는데 덕분에 구경도 할 수 있어서 좋네요.
1640,약자의 생명을 지켜주세요.
1641,귀여운 센스있는 선물 감사합니다.
1642,일간 베스트 사이트를 폐지하세요.
1643,수능 연기 부탁드립니다.
1644,"벌었다. 도저히 집중할 수 없는 영화, 전투 장면, 스토리, 그래픽 등 모든 것이 최악의 영화."
1645,사전예약은 처음이네요.
1646,운전면허시험 내용 및 합격기준 강화
1647,영화 한 편이 이렇게 경이롭게 다가오다니.
1648,궁금하신 분들은 여기서 함께 하실 수 있어요!!
1649,정말 헛소리에 불과한 영화
1650,그냥 유치찬란한 영화라고 생각했는데 마지막에 그런 감동이 있다니...
1651,실제 건설현장의 근로시간 단축을 위해 당국의 철저한 관리와 감독을 부탁드립니다.
1652,이런 종류의 영화 너무 좋아~
1653,지금 계소 방은 정말 최악이야.
1654,"아무것도 남지 않았고, 줄 것도, 특별한 것도 없지만 볼 가치가 있습니다."
1655,다음에 또 재밌게 얘기해요!
1656,국회의원의 최저임금과 활동비를 제한해 주세요.
1657,오랜만에 귀엽고 상큼한 영화였어요~
1658,나는 절대 죽지 않기 때문에 더 열받아.
1659,●개연성도 없고 최악
1660,생각보다 재미없어요.특히 초반에
1661,다음 작품이 기대된다
1662,특히 둘이서 같이 찍은 사진을 보는 마지막 장면이라 가슴이 뜨거워지네요.
1663,<PERSON>과 함께 추천과 검색에 관해 여러 가지 이야기를 들었습니다.
1664,따뜻한 눈물이 나는 영화...
1665,감독의 의도는 무엇일까.무슨 말을 하든.
1666,이명박 출국금지 및 구속
1667,불러주시면 자고 있어도 달려가겠습니다.
1668,군 장교에게 앞으로 감찰부에 민원을 제기하지 말라 군인 무단침입에 대한 공무원 인권은 없었다.
1669,최저시급 인상과 근무시간 단축...
1670,숨막히는 미세먼지 지역별 공기청정탑 만들어주세요.
1671,소년법 개정 청원합니다.
1672,원작과 동떨어진 여주인공 캐스팅은 빅미스 테이크
1673,이명박 출국금지 감옥 찬성
1674,●강력한 부동산 대책 마련
1675,다음에 또 뵐 수 있으면 좋겠습니다. ~~ !!
1676,절대 안 되는데 이대호가 한국시리즈 최하위 회사 풀카운트에서 번트하는 걸 보면 이래.
1677,광주에서 폭행한 가해자에게 무기징역을 선고합시다.
1678,교사는 9가 아니라 1부터 시작해야 합니다.
1679,잔잔하면서도 진지한 영화
1680,평점이 높아서 봤는데 속은 것 같다
1681,물체가 움직이거나 뭔가가 진행되는 속도.
1682,"시급 인상, 근로시간 단축 피해"
1683,양심적 병역거부자→비양심적 병역거부자
1684,단 하나의 강력한 포스터.
1685,서울 한복판에서 국고에 해커를 양산하는 국내 보안기관 졸업생의 실태를 조사해 졸업생 전원을 조사하도록 경찰에 지시하기 바란다.
1686,"가짜 간첩 피해자에 대한 배상과 당시 고문으로 가담한 가해자(법조인, 정치인 등)에 대한 법적 대응을 요구합니다!!"
1687,핸드볼에 대한 전면 지원을 확장해 주세요.
1688,아파트에서 차가 자유롭게 다닐 수 있는 일반 도로를 건설하고 있습니다.
1689,광주폭행 엄벌을 요구합니다
1690,극한 상황에서 살아남는 영화를 좋아하는 사람에게 추천합니다.
1691,대한민국이 핵을 보유해야 하는 이유는 한반도/민족의 안전을 위해서입니다.
1692,"살인, 성폭력 등 타인의 인권을 침해하는 행위에 대한 처벌을 연령에 관계없이 높여주시기 바랍니다."
1693,이국종교수를 도와주세요.
1694,마스크 벗는 장면에서 코끝이 왜 주름이 생기지?
1695,장르는 공포인데 영화 내내 발끈했어.
1696,● 채용비리 의혹 국정조사
1697,"누진제, 국민연금, 특활비를 폐지해주세요."
1698,정말 재밌고 좋았던 영화.
1699,이명박 출국금지 청원합니다
1700,러시아 월드컵 축구선수 병역면제를
1701,너무 기대가 컸나?
1702,근로기준법상 사산휴가(자궁외 출산휴가)를 늘려주시기 바랍니다.
1703,전전권 희망임대주택? 토론방에서 토론 부탁드립니다.
1704,하필이면 또 모인 것도
1705,황당한 결말…
1706,"다른 건 잘 모르겠고, 시댁 식구들에게 당한 나는 시댁 식구 모두를 위한 축하와 이벤트가 가득한 돌잔치를 했으면 너무 좋을 것 같았다."
1707,현 정권의 간첩 정의를 부탁하다
1708,국내에서 생산되는 모든 라텍스 매트리스 라돈 농도 측정 긴급 요청
1709,"아, 이거... 배우들 연기가... 진짜 같아 -"
1710,이거 한번 써보고 싶네요.
1711,포스코의 자원외교 비리 수사를 부탁드립니다.
1712,시청자를 우롱한 죄값
1713,여상규를 없애주세요.
1714,게다가? 뮤지컬처럼 노래로 내용을 대신하는 게 여러 번 이어졌다.
1715,네이버 실시간 검색어 조작 의혹.
1716,"대학, 대학원 이야기부터 취미 이야기, 컴퓨터 하드웨어 이야기 등 다양한 이야기를 했습니다!"
1717,발달장애인 원격의료 진행해주세요.
1718,나는 너무 재미있었어!!
1719,완전 웃겨ㅋㅋㅋㅋㅋㅋㅋㅋㅋㅋㅋㅋㅋㅋㅋㅋㅋ
1720,음악도 좋고 스토리도 좋고.
1721,삼성 에어컨 실외기 리콜 청원
1722,KT국제전화정액제
1723,굿굿 이렇게 더운날에 운동하면 땀도 많이 나고 더 큰 보람이 있어요.
1724,없을 수도 있으니 포스팅시 꼭 확인해주세요~
1725,최고의 애니메이션이다.
1726,근로시간 주 52시간 단축 포기 청원합니다
1727,그들의 꿈과 열정에 박수를 보냅니다!
1728,와서 클럽마 보여주세요.
1729,다음에 또 어디선가 만나요!!
1730,그런데 20년이 지난 지금 보니 특수효과와 연출이 어색하다.
1731,화려한 비주얼과 호화 캐스팅인데 그게 다
1732,조두순 출처에 반대합니다.
1733,국정을 농단하고 있는 문재인은 물러나라!
1734,기무사 해체 및 국민연금 폐지해주세요~
1735,찬장에서 몇 개 꺼내볼게요.
1736,또 너무 재밌었네요!
1737,누가 재산에 대한 이자를 지불합니까?
1738,"대한민국의 교통법규 과태료, 면허취소 등의 입법이 절실히 필요합니다."
1739,우리가 알고 싶은 말은 하지 않는 엉터리 영화
1740,와... 조선의 맛... 완전 맛있을 것 같아요!!
1741,재밌는데 홀짝류혁.ㅍ
1742,"소년법 개정 및 강화, 필요하면 폐지하세요."
1743,암호화폐 추천 순으로 검색해서 추천글을 올려주세요.
1744,"일 이야기도 너무나 즐거웠습니다만, 이야기도 너무나 즐거웠습니다."
1745,(투기세력) 가지고 계신 분들은 정말 무서워요.
1746,토이스토리 보신 분이라면 이 영화도 감동 깊게 보실 거예요.^^
1747,여주인공이 주인공답지 않아.
1748,잔잔하고 감동도 있고 세세한 대사도 너무 좋았어요.
1749,"변덕스러운 계절에 날씨에 따라 옷을 입는 것은 항상 어려운 일이지만 기온, 흐린 날씨, 바람 등으로 인해 옷이 얼마나 두꺼운(?)"
1750,울산은 비가 많이 오는데 다른 지역은...
1751,무슨 이야기가 필요한지 마음이 괴롭다
1752,한양대병원 폐쇄해야
1753,재벌기업 오너의 자기주식에 대한 철저한 실태조사가 요구된다.
1754,댓글이 재밌어요.
1755,국가유공자 등 예우 및 지원에 관한 법률상 한국전쟁 전몰군경 자녀수당 문제점 개선 청원
1756,이명박 출국금지해주세요!
1757,마지막 멘트 센스가 있으시네요.
1758,연기가 꽤 궁금하고 내용도 그저 그래~
1759,그리고 잠시 여운이 남는다.
1760,정말 오래된 영화인 줄 알았는데 정말 소름 돋네요.
1761,중증외상응급병원의 신설이 시급합니다.
1762,연해주 고려인 자치주를 건설하여 미래 성장동력으로
1763,너무 맛있어 보이네요. 후후
1764,또 보고싶은 영화!!
1765,국회의원 국민소환제+국회의원 최저시급제를 헌법에 넣어야 합니다.
1766,내년에는 여기에 모두 모입시다.
1767,그런 멈춘 사랑 같은 거 하고 싶어.
1768,다른 분들 생각은 어떠세요?
1769,오늘 찾아주신 센스있는 분들 선물!
1770,남성 가족부를 만들어 주세요.
1771,이명박 출국금지 청원반대 청원!!
1772,그래도 재미있는 영화야
1773,"멋져요, 제일 마음에 들어요."
1774,왜 평양올림픽이라고 하는지 모르겠다.
1775,고인의 명복을 빕니다.
1776,진짜 소름 돋는 군대 드라마.
1777,이명박 전대통령 출국금지
1778,의료사고가 발생한 경우 병원이나 의사가 아닌 환자 한 명 한 명을 보호하십시오.
1779,여러분 열심히 뛰어와 주셔서 정말 수고하셨습니다!
1780,공포 영화 마니아들의 안내서
1781,완전재미있다+_+
1782,좋은 영화 평점이 너무 낮네.
1783,성공한 것 같아요.
1784,정형식 판사 파면 반대입니다
1785,비슷한 경험과 학력을 가진 공무원을 포함하세요.
1786,임차인의 권리금 회수를 꼭 지켜주세요.
1787,지인이 키트 검사 3~4회 음성이 나왔는데도 확진을 받았어요.
1788,iot으로 나무를 키우는 그날까지
1789,리뷰 몇 개 읽어볼 걸 그랬어. 아내의 시간...
1790,최저임금 상여금 포함 반대
1791,메르스 확진자가 사기를 당할 경우 엄벌에 처하십시오.
1792,진흙 학생을 해치워라!!!
1793,진정한 평화와 지친 영혼의 회복을 원한다면 이 영화를 꼭 보세요.
1794,그리고 이거 유치해.
1795,청소년 보호법을 개정해 주세요.
1796,"AI 서비스에 대한 수요가 증가할 것이라고 확신하며, 저는 업스테이지가 업계와 세계에 미치는 영향에 기여하기 위해 팀에 합류했습니다."
1797,소감은 가격도 맛도 이건 햄버거가 아닌 것 같아요.
1798,"러시아워 편부터 성룡을 방치해놓고 이 영화를 개봉년 만에 본점 깊이 반성하면서. 성룡아, 당신은 최고예요~!!"
1799,요즘 티비(TV)로 재밌게 보고 있어요.
1800,청소년 범죄에 관한 법률 강화
1801,마스터는 달라...
1802,차예련을 만나서 반가웠지만 높은 평가를 받을 만한 영화는 아닌 것 같다.
1803,정형식 판사를 파면하라
1804,인상적이고 너무 재미있어요.
1805,어제는 <PERSON>의 뛰어난 선택으로 교대역 서관명옥을 맛보았습니다!
1806,청소년 보호법을 폐지하세요.
1807,윗층 소음법을 더 세게 해주세요!!
1808,"난민, 인도적 체류, 제발 취소해주세요."
1809,집값 담합을 하는 부녀회를 엄하게 처벌해 주세요.
1810,오!! <PERSON>과 1:1로 많이 하는 편인데 이번에는 일 얘기도 없이 이런저런 이야기를 했어요!
1811,배경은 부드럽고 연기는 강렬하다.
1812,kbsTV 수신료를 선택하여 납부하도록 하겠습니다.
1813,아이들이 안전하게 자랄 수 있는 나라를 만들어 주세요.대통령...(눈물)
1814,(1.5배속으로 보면 시간 절약 ㅋㅋ)
1815,무고한 처벌을 강화해 주세요.
1816,최저임금 인상에 따른 노사갈등 보완대책 건의
1817,끝까지 봐도 못 봐.꺼버렸다.
1818,주택 가격을 억제하기 위해서는 주택 거래 허가제를 실시해야 합니다.
1819,성남시 공무원 월급의 일부를 지역화폐로 지급해 주세요.
1820,국회의원 연금이라는 이 지원금을 국민헌법협회진흥법에 폐지해 주십시오.
1821,네네 1회에 한해 무료체험 가능합니다~!
1822,"전시전권전환, 병역감축, 병역기간 단축 청원"
1823,문재인은 대한민국 대통령이 아니라 대한민국의 역적이라고 생각합니다.
1824,누진제 폐지해주세요.
1825,"어, 무슨 색이야. 나는 심하게"
1826,일본이 독도가 자신들의 소유물이었다고 강하게 제시할 수 있는 시간이 다가오고 있습니다.
1827,어느덧 금요일이 되어 있었어요!?
1828,이름이 정말 전망대 카페예요. ㅋㅋㅋㅋㅋㅋ
1829,조두순 사건 내용에 대한 청원
1830,소소하게 재미있는 게 재미있었어.
1831,알츠하이머에 대해 더 현실적이었다.
1832,"조선족, 중국인의 의료보험 혜택을 제한하세요."
1833,이명박 출국 금지
1834,그때 만났는데... 감동
1835,음악과 영상이 더없이 아름답고 감동적~
1836,여러분 건강하세요!!
1837,책을 읽지 않는 사람은 책이 무겁다.
1838,후후후 피플팀 파이팅~~
1839,오래된 영화지만 다시 본 영화입니다.
1840,생각보다 지루하고 재미없어서 조금 실망했어요.
1841,제주도 난민 수용에 반대합니다.
1842,무슨 말이 더 필요하신가요?아름다워요.
1843,의미도 무엇이든....
1844,부산시 사하구 여중생 폭행 사건에 대해 제안합니다.
1845,역시 안나! 날 실망시키지 않는구나.
1846,신선한 소재에 좋은 배우들이 나와서 즐겁게 잘랐어요.~~
1847,강동원의 강동원의 강동원을 위한 청춘 영화.
1848,마운틴 러닝 베스트
1849,천안함 침몰의 주범 김영철 씨의 폐막식 참석일에 반대합니다.
1850,또 다른 등장 ㅋㅋㅋㅋㅋㅋㅋㅋㅋㅋㅋㅋㅋㅋㅋㅋ
1851,LH 전세임대주택&아파트.빌라
1852,소년법 폐지해주세요!!
1853,보험사는 카드 결제를 받지 않습니다.
1854,재치있는 대사! 리얼한 연기!
1855,다음에 또 얘기해요!!!
1856,그런데 갑자기 올라간 이유가 있나요?
1857,"아, 클레망크 너무 맛있어요."
1858,금메달!! <PERSON>씨와 그렇지 않아도 평소에 자주 이야기를 나누는 편이었는데 개인적인 이야기를 많이 나눌 수 있는 시간이어서 좋았습니다.(웃음)
1859,비밀번호를 삭제해도 3번의 삭제 후 화면 대신 2번의 화면이 출력되는 현상이 반복됩니다.
1860,대학생 신용카드 발급 요건 강화
1861,"인정받고 싶은 욕망, 사랑받고 싶은 욕망, 이런 욕망에서 오는 결핍이 사람을 정말 두렵고 불쌍하게 만든다."
1862,인터넷방송 BJ직업금지법
1863,존경하는 대통령에게 진심으로 부탁드립니다.
1864,오늘 함께 이야기 할 수 있어서 정말 즐거웠어요! ㅋㅋㅋㅋ
1865,나도 조명을 사야 한다는 팝이 ㅋㅋㅋㅋㅋㅋㅋㅋㅋㅋㅋㅋㅋㅋㅋㅋㅋㅋㅋㅋㅋ
1866,여학생 교복(여름옷)이 너무 불편해요.
1867,좋은 한 주 되세요~
1868,그리고 그런 김정은이 자신의 진짜 의도와 변화를 다시 한번 보여줄 수도 있다.
1869,오늘 만나서 너무 반가웠어요!
1870,피눈물 흘리는 대한민국 대리운전기사님 도와주세요.
1871,"모든 분들의 건강과 행복, 커리어적 성장을 기원합니다~"
1872,너무 재밌어요.
1873,릴리 콜린스 보는 재미에 봄... 하근친이 웬일이야
1874,ost도 너무 좋아하고 다음에 처음부터 봐야겠네요.
1875,"내용,연출,음악...전부 불량...;;"
1876,최저임금 인상에 따른 가계소득 감소
1877,많이 생각나는 영화였어요! 재미있어요~^^
1878,굉장히 분위기가 좋네요!!
1879,이런 장르의 영화는 배우 재희가 최고!
1880,촛불을 든 김현식 반부패 판사~~!
1881,지금 TV에서 크게 웃는 모습이 징그러워...
1882,참지 못하고 글을 올립니다.
1883,오 이런게 다 있네요...
1884,내가 학년 때 봤던 영화인데 내용이 너무 재밌어서 아직도 기억나.
1885,어린이날 행사에 강제 동원된 보육교사들. 그들도 엄마다.
1886,중고등학교 시험을 1년에 2회로 줄여주세요.
1887,영화도 아니고 완전 터무니없다.
1888,오지환법을 바꿔 경찰청 폐쇄를 다시 해제해 주세요.
1889,홍콩식 양조 영화 시리즈
1890,내 상황은 아니었지만 왠지 마음이 움직였다.
1891,보고 느끼고 생각하는 정말 잘 만들어진 영화입니다.
1892,이번에는 <PERSON>씨와 보내드렸습니다.(웃음)
1893,머리 스카프도 파이터도 재밌었는데 지금 이야기는 처음부터 상황도 연기도 다 이상했다.
1894,오랜만에 봤는데 재밌어요.
1895,장동건의 참견에 암암리에 걸리다…
1896,대전고등학교 등교시간 조정(9시 등교)
1897,너무 즐거웠어요~!! 좋은 날 좋은 거 먹으러 또 만나요.
1898,"어린이집, 유치원 교사 학대 시 자격정지하고 어린이집 근무를 금지하는 법률을 만들어 주시기 바랍니다."
1899,ASMR 들으려고 캐널 이어폰 끼고 몇 번 자고...
1900,아이들과 함께 보기 좋을 것 같아요.
1901,특히 송재림 씨의 매력이 넘칩니다.김소은 언니 너무 예뻐요~~~
1902,굉장히 분위기가 좋았고 기뻤어요!!
1903,가볍게 보면 재밌어서 좋아요!! 역시 스타뎀!!(웃음)
1904,응원하고 또 사랑합니다.
1905,청소년보호법이 아닌 소년법 폐지를 희망합니다.
1906,죄송합니다. 도저히 이해할 수 없습니다.
1907,우병우 징역 5년???
1908,청소년을 보호해주세요.
1909,악천후가 무서워...
1910,PC방 흡연실은 없나요?
1911,정말 재미있고 감동적입니다.
1912,오! 뷰가 너무 좋네요!
1913,저질이고 열등하지 않은 영화.
1914,코로나 이전과 거의 비슷합니다.
1915,정말 시간 가는 줄 모르고 얘기한 것 같아요.
1916,마지막 장면 아직도 생각나.
1917,우리 회사 생일 케이크!!!
1918,사실 초기에는 집만한 크기의 컴퓨터 버그로 인해 오류가 발생했습니다.
1919,나도 납세의무를 거부한다.
1920,"또 봐, 또 봐, 또 봐."
1921,이명박가카를 출국금지 및 무상급식을 꼭 해주시기 바랍니다.
1922,다음에 또 먹어요!(웃음)
1923,모바일 게임 프로야구 h2 점검 시간을 알려주세요.
1924,<PERSON>과 밥 스테이지를 진행했습니다.~!
1925,영화 정말 좋다...............................................................................................
1926,내 나이 후반... 김남희를 통해 과거부터 현재 그리고 미래까지.. 내 인생 최고의 영화.
1927,1인 1계정만 접속 및 댓글 실명제 추진 청원합니다.
1928,"몰카, 몰카범에 대한 처벌을 강화해주세요."
1929,성범죄 유죄 추정 원칙 적용 금지 청원합니다.
1930,대한민국 국민으로부터 세금을 받는 공무원의 직권남용과 인권침해를 청원합니다.
1931,정말 재밌고 유쾌한 드라마!
1932,장르 불문 시간 상관없이. 공간에 상관없이. 당신이 좋아하는 것을!
1933,여배우들의 몸매가 되어 볼 만하다
1934,저도 그렇게 하려고 들어왔는데 생각보다 높은 점수에 점수를 매길게요.
1935,사랑에 대해 다시 한 번 생각하게 하는 영화네요. 좋습니다.
1936,뭐.. 이런 영화가 있나..(울음)
1937,국민신문고(www.epeople.go.kr)가 지난해 게시한 공개안 심사를 고의로 미루고 처리하지 않습니다.
1938,데드캠프 시리즈중 가장 마음에 드는
1939,[퇴직금] 퇴직금 지연에 관한 조치
1940,정말 잘 만든 영화. 정말 재미있었어요.
1941,대규모 공급과 반값 이하로 분양할 테니 잠시만 기다려 달라는 신호를 주세요.~~
1942,보육교사의 자질과 성격이 문제라면서요?
1943,연차휴가 의무사용 폐지를 청원합니다.
1944,손흥민 군의 병역면제를 청원합니다.
1945,// // 국토부가 '실질거래가 공개제도' 등록 담당자를 '관세 부과' 혐의로 고발했습니다.
1946,진짜 최고예요.
1947,공직자 선거 개입 처벌 강화
1948,국민청원과 제안에 이 기능을 추가해주세요.
1949,암호화폐 때문에 사람들은 일을 하지 않습니다.
1950,그저 원작에 대한 모욕이다.
1951,●삼성바이오로직스 주주 보호하라
1952,내용도 좀 신선해? (웃음)
1953,●전세대출 규제 후폭풍
1954,두 분 덕분에 눈을 씻습니다.
1955,"문재인은 여성 가산점, 여성 쿼터제, 여성 우대 채용을 막으려 하고 있다."
1956,그런 다음 시도해 보세요.
1957,요즘 핫한 영혼이 없는 자리ㅋㅋㅋㅋㅋㅋㅋㅋㅋㅋㅋ
1958,주인공 멋있어서 드럼라인끼리 할 때는 진짜 소름 돋아.
1959,더 기대가 됩니다!
1960,임용절벽 해결책 교사의 정년 단축에 대해서입니다.
1961,저도 다음에는 꼭 같이 만나요~!!(웃음)
1962,국회의원 보좌관 증원에 반대합니다.
1963,시기는 안정적이지만 2025년에도 가능하기를 바랍니다.
1964,일본 특유의 서늘함과 어색함이 담겨 있는 것은 당연하다고 생각한다.
1965,적폐 스케이트 연맹 알아봐 주세요
1966,오…! 엄청난 성장잠재력
1967,어제 석천호수에서 만났어요.
1968,스포츠 시설의 부족
1969,헛되이 지루했다.
1970,또 당시 현실을 반영해 제작진과 PD도 현 정부와 다르지 않다.
1971,나름 재밌었는데 1점 정도?
1972,올스타 게임에서 같은 팀이 되어서 다행이야!
1973,너무 참신한 소재인 것 같아.
1974,"마마보이, 마마 등의 금기에 접근하는 상대적으로 한국적인 정서와 상반되는 주제다."
1975,의미도 있고 재밌었어요.
1976,유쾌하고 재미있는 영화!!
1977,내가 본 전쟁영화중 가장 사실적이고 재미있는 영화였다
1978,시간 가는 줄 모르고 수다를 떨다
1979,예측 가능한 범인
1980,오랜만에 봤는데 더 재미있네요.
1981,조폭 교사 살해 혐의 없음 재조사에 관한 것
1982,남양주 신축 아파트 개발업체 허위사실 유포
1983,이명박 출국금지를 청원합니다.
1984,연기도 좋고 스토리도 좋지만 몰입감이 낮네요.
1985,영화를 보면서 리뷰를 쓰고 있어.
1986,조두순 출처에 대해 반대합니다.
1987,국회의원 2년 단임제 개헌
1988,이거 내가 왜 봤지?
1989,어렸을 때 정말 재미있었어.
1990,정말 시간이 아깝네요.
1991,정말 대단한 결정이에요!
1992,"문재인 대통령님, 안녕하세요."
1993,범인이 잭바우어 정말 재미있게 본 영화
1994,메시지를 던지는 영화는 풍부하다.
1995,어디든 가고 싶어! (´;ω; ))
1996,재미있을 것 같았는데 좀 어이가 없네요.
1997,초등학교 및 어린이집·유치원 이후 영어수업 금지 방침을 재고해 주시기 바랍니다.
1998,장르가 코미디라고 할 정도로 과장이 너무 심하다.
1999,청와대 국민청원 게시판을 실명으로 올리도록 바꿔주세요.
2000,아 해피엔딩(기회에겐 새드엔딩이지만)으로 끝나서 정말 다행이에요.
2001,건망고에 대한 이야기만 나오지만 결국 이야기는 1분여 만에 서둘러 끝난다.
2002,인공지능 그림책 한눈에.. 테크니컬 물음표 킬러에 열정이 있어서 도전해본다!!!
2003,배우들의 연기력도 좀 느껴지지 않아서 실망이야...
2004,주 52시간제 폐지해주세요!!
2005,이건 재미도 없고... 감동이 있는 것도 아니고... 정말 시간이 아깝다.
2006,신태영 감독 해임과 축협 비리 척결 부탁드립니다.
2007,다자녀 가정 지원 확대
2008,반인도적 행위를 인증 또는 인증하는 사이트에 대해 일반 대중 또는 전문가에게 경고를 요구합니다.
2009,주변에 추천하고 싶은 영화입니다.
2010,미세먼지 때문에 밖에 나가기가 무서워요.
2011,슬랙 채널은 개설해 두었습니다.
2012,그리고 8월에 시작하는 부트 캠프에 대해 이야기할 수 있어서 좋았습니다.
2013,레전드 오브 레전드
2014,"하하, 어머, 그럼 한국어도 불러야지."
2015,분위기는 좋지만 지루하지는 않네요.
2016,페르손 씨와 처음 이야기를 나눴습니다.
2017,국민신문고 개선방안(가해자에게 피해자를 맡기는 행정업무를 국민신문고의 역할을 피해자에게 맡기는 격)
2018,국가기술자격제도 청원
2019,정말 재미있네요.
2020,발레를 하는 사람이 아닌데 충분히 공감되고 지루하지 않게 잘 봤어요.
2021,무슨 말을 하려는 건지 모르겠다
2022,규제만 하지 마세요. 서민을 도와주세요.
2023,성범죄 관련 처벌 강화
2024,다음에 또 기회가 된다면 이번 여행 이야기도 들려주세요.
2025,잘 부탁드립니다~!
2026,기존 청소년 보호법을 폐지하고 새로 개정했으면 합니다.
2027,흥미가 있는 분은 참고하면서도 좋다고 생각합니다.
2028,내가 이걸 왜 봤지...
2029,유치하긴 하지만 저에게는 정말 최고의 작품이에요.
2030,손흥민 군을 면제시켜 주세요.
2031,세계 최고의 암호화폐 거래소를 만들 것을 제안합니다.
2032,멜로를 좋아하는데 아무런 감흥도 없었어...
2033,페르손 씨와 즐거운 시간을 보냈습니다.
2034,빅뱅이 4년 만에 컴백했다.
2035,아이유 타타!!!
2036,기업교육+신병교육팀이 열심히 일하고 있습니다.
2037,감동 웃음 반전 가슴이 뜨거워지는 영화
2038,"아, 접두사마다 트리를 만들어 보여드릴게요."
2039,상가임대차보호법 소급 적용
2040,정현식 판사님께 특별감사를 요청합니다.
2041,평점이.. 왜냐면.. 뭐..저는 그렇게...
2042,지구온난화 현상을 줄여주세요.
2043,편집 완료되었습니다.
2044,화분이 커서 너무 예뻐요!(웃음)
2045,내일 또 만나요~!!
2046,현장실습 폐지에 대한 진지한 청원을 들어주세요.
2047,이국종 교수님 외상센터 지원해주세요
2048,흠잡을 데 없는 영화인데 전문가분들 너무하시네요.
2049,볼만한 스릴러
2050,조두순 출처는 절대 안 돼요.
2051,청소년 보호법을 폐지해야 하는 이유
2052,오늘은 즐거웠습니다.~~
2053,억지로 하는 억지 영화. 정말 재미없어.
2054,에드워드 노튼의 연기력에 박수
2055,소재도 신선하고 너무 재밌어서 계속 보고 또 볼게요~!! 타카오
2056,욕하셔도 됩니다.
2057,무엇을 하자는 영화인지 모르겠다
2058,오랜만에 몰입해서 봤어.
2059,저는 문제의 대통령을 원합니다.
2060,기프티콘도 보내고 채팅 답장중 주의사항도 남겨두겠습니다!!!
2061,유은혜 교육부 장관의 임명은 행사가 아니다.
2062,의외로 평점이 낮은게 이상해.
2063,누진제 폐지를 강력히 요청합니다.
2064,이런 것도 따로 해야 돼?
2065,대학등록금 납부시 신청학점만큼 등록금 납부
2066,중·고등학교 두발 규정
2067,발 킬머의 젊은 시절 연기가 돋보인 작품입니다.
2068,여러분의 아이디어를 구합니다!
2069,"사사키( 希木 、), 정말 예쁘다."
2070,조두순을 사형집행해 주세요.
2071,서민을 위한 강력한 부동산 정책을 세워주세요.
2072,손가락 맞추는 포즈도 찍은 거죠? ㅋㅋㅋㅋㅋㅋ
2073,먹구름이 걷힌 지 얼마나 됐나요?
2074,역시 가필드~~ 재밌어요~~^^
2075,뜨겁게 잘 봤네.
2076,감동하셨다는 분들.. 아이엠 선생님 못 보셨나 봐요.
2077,국회의원 세비 인상 취소
2078,두 분 다 너무 잘 어울려서 깜짝 놀랐어.
2079,마틴 베일...
2080,오 좋은 자료 공유해주셔서 감사합니다!
2081,김해공군부대 좀 알아봐 주세요.
2082,여자는 예쁘고 예쁘고 쿨하지는 않지만 카리스마가 대단해.
2083,그 당시에도 유치찬란했다는...
2084,꾸밈없는 훌륭한 영화
2085,이영철에게 딱 맞는 영화다.
2086,위의 모든 아이디어/솔루션을 환영합니다.
2087,좋은 데이트에 투표하세요.
2088,호불호가 어떻게 갈릴지는 모르겠지만 어디서든 뭘 봐야 할지 정확히 알 수 있는 감독인 것 같다.
2089,이재명 의원은 수미 조폭 관련
2090,중국어를 잊어버려서 맛만 보고 중국어를 전공했는데...
2091,왠지 홍보니까 재미없어 ㅋㅋ
2092,재밌다 영화는 병맛이었는데 이건 재밌다.
2093,오랜만에 음악 추천 총.
2094,군 면제 대체근무 전면 폐지 청원
2095,말도 안되는 이야기를 했군요...
2096,추천해주신 곳 꼭 가볼게요.~~~
2097,특히 1번이 어렵고 중요한 것 같아요.
2098,좋은 모티브인 것 같아요!
2099,마지막 부분에서는 웃음이 나온다.
2100,옛날에 처음 봤을 때 재밌어서 죽을 뻔했는데 주연 조연부터 다 웃겼어.
2101,항일 독립운동가 정영선의 후손인 증조부 정병기씨가 40년간 명예를 되찾기 위해 고군분투했다.
2102,조사 및 처벌을 요구합니다.
2103,정현식 판사의 특별감사를 청원합니다.
2104,대기업 파견직 근로자의 연장 근무
2105,파산 직전에 자영업을 위한 신용카드 결제 최저 금액을 설정하라!
2106,인덕원선 흥덕역이 필요합니다.
2107,정보공유합니다 ㅎㅎㅎ
2108,시원한 여름밤 갑자기 레저시트에 콧김을 내쉬러 가고 싶네요.(웃음)
2109,6월 헌법 개정안 투표 관련
2110,"감동적이야, 역시 도라에몽."
2111,맛있는 음식과 즐거운 이야기가 가득한 시간이었습니다.
2112,심신미약 감형 폐지해주세요.
2113,오늘 회의에서 바로 만납시다.(웃음)
2114,와! 캠핑 채널도 생겼군요!
2115,엄청 전에 본 영화인데 아직도 잊을 수 없는 수작!!!
2116,많이 써보시고 피드백 남겨주세요!
2117,"국회의원, 광역의원, 기초의원 임기를 2년으로 줄입시다."
2118,서민대출 풀어주세요.
2119,중간에 너무 잔인해서..
2120,청춘이라는 단어를 생각하게 하는 영화!
2121,좋은 프로그램 만드느라 수고하세요!
2122,재미있기만 하네.평점이 왜 이렇게 낮아?
2123,스릴러의 교과서적인 영화
2124,우리 회사 안에서 이렇게 함께 일하게 되어 놀랍고 기뻤습니다.
2125,오랜만에 만나서 반가웠지만 개인적으로 궁금했던 내용들을 재미있게 이야기 할 수 있어서 좋았어요!
2126,"회사이야기, 학회이야기 등 재미있는 뒷이야기를 많이 했어요!"
2127,재미없어 재미없어
2128,나중에 여유롭게 식사 같이 해요.
2129,상상의 공간...그러나 이렇다 할 것은 없다;;
2130,정말 슬프고 감동적이어서 계속 울었어 ㅜ
2131,여러분 빗길 안전에 유의하세요!
2132,단순한 에로 영화가 아니다
2133,PERSON씨와 즐거운 가방이었습니다!!ㅋㅋㅋㅋㅋㅋ
2134,미디어가 사람을 어떻게 만드는지 보여주는 영화
2135,강서구 PC방 살인사건 피의자
2136,모든 국민의 국방의무의 공평한 부과와 이행을 위한 대안이 논의되어야 합니다.
2137,잔잔하면서도 여운이 짙어요.
2138,초반에 완전 짜증나는 지루함
2139,음주운전에 대한 처벌 강화와 함께 심신의 허약함
2140,이번에 서울에서 한 번 모이는 시간을 보내기로 했어요.
2141,강원랜드 직원에게 처벌 부탁드립니다.
2142,엔딩까지 가면 갈수록 기분이 나빠지는 영화.
2143,손으로 쓴 사진을 넣으면 문자가 날아가거나 문자가 날아가나요? (웃음)
2144,준 때 봤던... 파격적이고 흥미진진했던 작품.
2145,재미있는 이야기를 많이 들었습니다.(웃음)
2146,PS5용으로 가지고 있습니다.
2147,아일랜드어에서 유래하여 '꽃미남'이라는 뜻의 영어 이름을 추천합니다.
2148,나카지마 미카 비주얼 별로네.진짜 재난이겠다. (´;ω; ))
2149,"좋은 영화, 멋진 연기 감사합니다."
2150,와 진짜 예쁘네요.
2151,국가배상심의회 제도개선 요청
2152,"오, 이거 진짜 힘드네요."
2153,공매도를 없애야 합니다.
2154,태어나서 본 영화 중에 제일 무서워.
2155,코로나의 화려한 부활과 함께 발랄한 작품 이야기로 떠들썩했습니다!
2156,이것이 평점이 왜 이렇게 낮은지 이해할 수 없습니다.
2157,내 인생 최고의 영화.
2158,아...정말 재미없네...
2159,개의 목줄 학대 용의자 현준에게 징역 15년이 선고됐다.
2160,왕오원이 없는 일주일은 딱!
2161,<PERSON>과 만나 서로 끄고 있는 발등에 대해서 잠깐 이야기를 나눴습니다.
2162,경남제약까지 상장폐지는 불가능합니다.
2163,절대 보면 안 되는 영화.
2164,4차 산업의 가정용 로봇.
2165,민주화유공자 국가유공자 인정요청
2166,징그러운데 중간에 폭소~
2167,나는 그것을 읽는 것을 매우 즐겼다
2168,부동산 중개 수수료 한도를 낮춰주세요.
2169,다들 즐거운 주말이에요!
2170,제발 읽어주세요.제 인생입니다.
2171,학교폭력 및 괴롭힘 방지대책 마련
2172,저희 회사 달리기 대회도 만들어볼까 합니다.
2173,남성 가족부를 만들어 주세요.
2174,인천 부천지역 중고차 허위매물
2175,나이 든 사람이 보면 공감되는 내용...
2176,왜 이렇게 평점이 낮지?
2177,일상에서 시작해서 여러 브랜드에 대해 이야기도 하고 브랜딩에 관한 레퍼런스도 알려주신 재미있고 유익한 시간이었습니다.
2178,중증외상센터 이국종 교수의 후원을 청원합니다.
2179,2018년 11월 26일 월요일 - 오전 03:48 - 대한민국 -
2180,즐거운 시간이었습니다! ㅋㅋㅋㅋ
2181,소개가 늦었습니다.
2182,저도 나중에 밖에 햇빛을 쬐지 않으면 안됩니다.(웃음)
2183,또 만나요!!(웃음)
2184,확실히 재미있고 유쾌함
2185,써보면 좋겠네요. (웃음)
2186,정말 감동적이었어.
2187,너무 재밌었어요. 흐흐흐흐
2188,전복회와 전복비빔밥도 메뉴에 있는데 맛있을 것 같았어요 :)
2189,역시 강풀 원작의 내용을 영화로 옮기는 것은 힘든가.
2190,내 인생에서 최악의 영화를 꼽으면 바로 떠오르는 영화.
2191,정부는 투기를 조장하지 마세요.
2192,저는 빨리 회복해서 곧 뵙겠습니다!
2193,여주인공이 좀 더 예뻤으면 좋겠는데.
2194,교통법 강화 부탁드립니다.
2195,그 당시에는 재미있었다.
2196,사진으로 보니까 바스락바스락하고 잎마름이 보이네요. ㅋㅋㅋㅋㅋㅋ
2197,강남 아파트 폭등 대책
2198,저도 지난주에 합류한 입장에서 저희 회사 라이프에 대한 낭만을 이것저것 얘기해봤는데요!
2199,중증외상환자를 지원해야 합니다.
2200,자전거를 많이 타는 큐빅도 애매해요.
2201,내용도 참신하고 오랜만에 재미있는 영화를 봤어요.
2202,.. 마약 영화
2203,드라마틱한 면이 강조된 너무 재밌었어요.
2204,정말 수고하셨습니다!(웃음)
2205,영화 내용의 시작과 끝처럼 초심을 잊지 않고 열심히 하는 이준 씨가 되었으면 좋겠습니다.
2206,"아, 당신은 인덱스를 시작하고 있습니다."
2207,만족스러운 안녕이다.
2208,이주노동자의 삶과 꿈.. 내 자신을 돌아볼 것이다.
2209,진짜 실력자라고 소문으로만 듣던 <PERSON>씨를 만나서 저도 너무 기뻤어요!
2210,발연기 발연출 발이야기 한마디로 총제적 난국
2211,오토바이 번호판 앞뒤에 부착해주세요.
2212,이니굿즈 많이 만들어주세요.
2213,합류하시고 나서 굉장히 바쁘게 업무하고 계실텐데 건강도 잘 챙기시고 업무하셨으면 좋겠습니다.
2214,끝에서 웃음을 터뜨렸다.
2215,재미있었던 영화~^^
2216,이거 재밌다는 분들... 이런 허술한 드라마 보지 마시고 더 지니어스라는 프로그램 시즌부터 처음부터 보세요.
2217,사법부 배심원 결정으로 판결하도록 개헌해 주세요.
2218,엠넷은 시청자와 출연자 모두를 들여다보는 경향이 있다
2219,또 보고 싶을 정도로...
2220,서울시 조례 폐지 요구
2221,쓱 긁어 드신 거 보니 반갑네요.ㅋㅋㅋㅋㅋㅋ
2222,이런 작품이 국내에 개봉했다는 것 자체가 더 미스터리하다.
2223,음... 영광이네요. 마스크 쓰고 알아보는 사람은 없겠지만요. ㅋㅋㅋㅋ
2224,국민연금 돌려주세요!!!!
2225,진짜 대박이다.정말 대단하다;;
2226,오늘 <PERSON>과 함께 회식 만남을 가졌습니다!
2227,다시는 거제 폭행 사건이 일어나지 않도록 가해자가 아닌 약자를 위한 법을 만들어 주시기 바랍니다.
2228,"김보름, 장수지, 박지우 국가대표 박탈을 시켜주세요."
2229,꽤 자주 본 영화-
2230,이것은 영화가 아니다.
2231,원래 저번 주에 했어야 했는데 일정이 멘붕돼서 이번 주에야 뵙게 됐어요. ㅋㅋㅋㅋㅋㅋ
2232,소년법 폐지시켜 주세요.
2233,정말 감동받았어요.
2234,한 게임 제발 처벌해주세요.
2235,이런 내용은 어디에 공유해야 할지 몰라서 여기에 공유해봅니다.
2236,회사 계정으로 로그인 했는데 문제가 해결되지 않아요. 어떻게 해야 하나요?
2237,객관적으로 전쟁을 느끼게 한 다큐멘터리.
2238,뒤로 갈수록 흐리지만 앞은 재미있어요!
2239,아하하하하하하하하하하하하.
2240,법정공휴일로 대체휴일을 지정해주세요.
2241,팀 내에 아카이브하는 곳이 있으면 거기도 좋아요!
2242,저출산 대책 패러다임을 바꾸지 않으면 절대로 해결할 수 없습니다.
2243,청소년법의 강력한 강화 청원합니다.
2244,국민건강보험공단 카드결제 수수료 탈루인가요?
2245,미세먼지 대책이 필요합니다.
2246,배우들 연기도 최고~
2247,여러분 즐거운 휴가 보내세요~!
2248,SAT에서 짝수와 홀수를 삭제해야 합니다.
2249,내수경제는 언제 살립니까?
2250,<PERSON>과 감격의 재회!
2251,작년에 못 받았어요?
2252,예술영화 장르의 걸작!
2253,제목부터 재미있네요!!
2254,암호화폐 거래소와 투기에 대한 강력한 규제를 부탁드립니다.
2255,"이것으로 비트코인 청원을 중단할 수 있습니다. (200,000 이상)"
2256,국민연금은 도대체…
2257,스튜디오 렌탈 업체의 반발로 대학 기숙사 건립에 장애를 해결하세요.
2258,정말 재밌었어요.
2259,"● 음주 후 범죄, 더 강력한 처벌"
2260,박현지 연기력이 그렇게 젊지도 않은데 이게 무슨 드라마냐.
2261,즐거운 주말 되세요
2262,귀엽고 귀여운 캐릭터들에게 너무 만족스러워요.
2263,구리지만 등급에 대한 역피라미드.. 포인트..
2264,"여성 감독의 기적 같은 희망, 나이 든 여성들의 풋풋한 로맨스."
2265,많은 생각을 하게 해준 영화고 앞으로도 계속 생각나는 영화라고 생각합니다.
2266,왜 이런 영화가 있나.
2267,안락사 허용을 위한 원고의 청원
2268,강영 본연의 드라마가 사라지면 작위적인 이야기에 한숨만 나오는 스토리 라인. TV판을 보는 것을 추천합니다.
2269,함께해 주셔서 감사합니다.
2270,음주로 인한 범죄에 대한 처벌을 강화하세요.
2271,9.13 죽고싶다
2272,날씨 좋은 아침 즐거운 베이스 연주곡부터 시작합시다! 준차준차
2273,오… 저도 요즘 리모컨보다 허들을 쓰게 되는데 어노테이션을 한번 써볼게요~
2274,정말 재미있었어!!
2275,그런데 이 드라마에 감동적인 부분이 있고 솜씨도 좋고 배우들의 연기도 좋았고 가장 인기가 있었던 작품 중 하나였던 것 같아요.
2276,암호화폐에 관한 정부의 일관성 없는 정책에 실망하고 있습니다.
2277,내 인생 최고의 드라마!!!
2278,입사 첫 주 즐거운 온보딩 되세요.좋은 하루 되세요.
2279,너무 재밌네요.
2280,빨리 권투 글러브 사러 가자
2281,앞으로 잘 부탁 드리겠습니다:)
2282,석판이 등장하면서 스케일이 더욱 커졌다.
2283,쿠바 여행을 추천해 주셔서 감사합니다.
2284,"하... 좋아, 좋아..."
2285,장르가 코미디라서 봤는데. 아니네요.
2286,"문재인 대통령님, 이대로는 안 됩니다!"
2287,5인 미만 사업장의 경우 월별 차이를 법적으로 규제해주세요.
2288,공정한 언론을 만들어 주세요.
2289,길거리에 흡연부스를 더 많이 설치해 주세요!!
2290,서류는 따로 보내드렸습니다.
2291,영화 내용에 맞게 평가 점수가 딱 좋아.
2292,스탤론으로 가는 신작입니다.
2293,제발 주식 공매도를 폐지하면 안 되나요?
2294,"평소에 서로 못 먹는 음식, 그리고 요즘 유행하는 수파, 구교환 배우에 대해서 잠시 이야기했어요!"
2295,하루를 무사히 마치세요.~~
2296,원본을 파괴하는 것만으로 충분합니다.
2297,와! 이제 진짜 욕나온다.
2298,다시 보고 싶은 영화!
2299,"와, 진짜 깜짝 놀랄 맛집."
2300,개인정보보호법 개정을 촉구합니다.
2301,레스토랑 직원이 강조했듯이 쇠고기보다 맛있는 것은 양갈비와 양꼬치였습니다.
2302,자기소개하고 끝날 것 같아.
2303,흥행하지 못한 게 아쉬운 영화다.
2304,외상센터 지원을...!
2305,이런 얘기들을 서슴없이 공유하고 공감할 수 있어서 더 즐거웠습니다.
2306,훈훈한 시간이었습니다.
2307,광화문광장에 김정은 국방위원장 동상을...
2308,귀엽다 귀엽다 사랑스럽다 사랑스럽다
2309,그 겸손한 모습에서 많은 영감을 받았습니다!!
2310,동생들이랑 봤는데 정말 재밌었어요!
2311,강소기업 경남제약을 꼭 도와주세요.
2312,흥미진진하게 시작하지만 시간이 지날수록 재미가 없어져서 어디서 본 듯한 뜨개질.
2313,소득주도성장의 허구와 국가주도발전전략&문화입국의 필요성
2314,마이클 잭슨!이 영화에 직접 나오다니. 너무 보고싶었는데 이렇게 다시 보게 해주신 감독님께 정말 감사드립니다. (웃음)
2315,알파고 이제 주식 2시간 만에 32억 번다!
2316,선거홍보 및 운동방식 개선
2317,분위기부터 뭔가 달라.
2318,따뜻하게 마음에 남는 영화
2319,9호선 4단계를 신속히 진행해 주세요.
2320,위험해!! 동화책이나 교과서에서 본 것과 같은 애벌레입니다.
2321,저도 참가할게요!
2322,댓글이 재밌어요.
2323,몇 번이나 보게 하는 힘
2324,청소년법 폐지해주세요.
2325,빨리 3월이 되어서 데이터 충전하고 다음에 또 만나요~
2326,"정식 판사님, 국가보안법으로 처벌해 주세요."
2327,솔직히 재미없어.평점 조정
2328,결말 정말 어이없네요.
2329,청원 및 에 악의적인 이중 댓글을 달지 못하는 댓글을 다는 사람을 찾아 처벌해 주시기 바랍니다.
2330,가짜 난민 불법체류자를 추방합시다.
2331,다음에 사무실에서 다시 얼굴 보고 점심 먹어요.
2332,슈퍼 홀리번 메가크루 미션을 보고 알게 된 명곡
2333,가정폭력에 참고 자료로 사용하기에는 너무 허술한 영화.
2334,또한 초기 스타트업의 성공 스토리를 끝까지 함께 써나가고 싶은 열망과 패기가 가득합니다.
2335,청소년 유해 콘텐츠를 강력하게 막아주세요.
2336,별로 섹시하지도 않은데 액션은 초등학생 수준이고.
2337,흔들리는 사람들이 꼭 봐야할 영화
2338,"우희야, 너무 웃겨."
2339,밤하늘과 무지개가 너무 예쁘네요.
2340,여러분 고생 많으셨습니다.
2341,청와대의 업무추진비를 충분히 공개하라!!
2342,독도가 표시된 한반도기 사용
2343,프로젝트 멘토를 만난 기분으로 인사를 받았어요.
2344,너무 맛있어서 또 가고싶은 집!!
2345,동물원법을 강화해 주세요.
2346,Warmad 회원에 대한 테러 방지법 적용을 검토해 주세요.
2347,법정 휴일의 유급 휴업화를 막아야 합니다.
